Seconds,Bpm
1904-01-01 00:24:29.104992000,200.0
1904-01-01 00:24:29.204992000,200.0
1904-01-01 00:24:29.244992000,200.0
1904-01-01 00:24:31.404992000,200.0
1904-01-01 00:24:31.744992000,176.47058823529412
1904-01-01 00:24:32.484992000,120.0
1904-01-01 00:24:32.804992000,187.5
1904-01-01 00:24:33.004992000,200.0
1904-01-01 00:24:33.084992000,200.0
1904-01-01 00:24:33.164992000,200.0
1904-01-01 00:24:33.224992000,200.0
1904-01-01 00:24:34.584992000,136.36363636363637
1904-01-01 00:24:34.904992000,187.5
1904-01-01 00:24:34.944992000,200.0
1904-01-01 00:24:35.564992000,96.7741935483871
1904-01-01 00:24:37.544992000,200.0
1904-01-01 00:24:38.124992000,103.44827586206897
1904-01-01 00:25:06.564992000,200.0
1904-01-01 00:25:15.484992000,200.0
1904-01-01 00:25:15.684992000,200.0
1904-01-01 00:25:17.204992000,111.11111111111111
1904-01-01 00:28:11.984992000,200.0
1904-01-01 00:28:13.484992000,200.0
1904-01-01 00:28:13.584992000,200.0
1904-01-01 00:28:14.844992000,200.0
1904-01-01 00:28:14.984992000,200.0
1904-01-01 00:28:16.484992000,200.0
1904-01-01 00:28:17.984992000,103.44827586206897
1904-01-01 00:28:21.664992000,200.0
1904-01-01 00:28:21.944992000,200.0
1904-01-01 00:28:22.384992000,136.36363636363637
1904-01-01 00:28:22.964992000,187.5
1904-01-01 00:28:24.044992000,200.0
1904-01-01 00:28:24.584992000,111.11111111111111
1904-01-01 00:28:24.664992000,200.0
1904-01-01 00:28:24.844992000,200.0
1904-01-01 00:28:25.064991999,200.0
1904-01-01 00:28:25.304992000,200.0
1904-01-01 00:28:26.984992000,200.0
1904-01-01 00:28:27.504992000,115.38461538461539
1904-01-01 00:28:28.244992000,200.0
1904-01-01 00:28:29.704992000,103.44827586206897
1904-01-01 00:28:30.464992000,200.0
1904-01-01 00:28:37.204992000,200.0
1904-01-01 00:28:38.704992000,200.0
1904-01-01 00:28:39.204992000,120.0
1904-01-01 00:28:39.324992000,200.0
1904-01-01 00:28:39.444992000,200.0
1904-01-01 00:28:40.924992000,130.43478260869566
1904-01-01 00:28:43.864992000,200.0
1904-01-01 00:28:45.344992000,200.0
1904-01-01 00:28:46.824992000,111.11111111111111
1904-01-01 00:28:49.024992000,200.0
1904-01-01 00:28:51.224992000,120.0
1904-01-01 00:28:57.104992000,125.0
1904-01-01 00:28:58.944992000,200.0
1904-01-01 00:28:59.304992000,166.66666666666666
1904-01-01 00:29:18.444992000,200.0
1904-01-01 00:29:25.164992000,200.0
1904-01-01 00:29:31.904992000,200.0
1904-01-01 00:29:32.204992000,200.0
1904-01-01 00:29:32.644992000,136.36363636363637
1904-01-01 00:29:37.924992000,200.0
1904-01-01 00:30:58.724992000,200.0
1904-01-01 00:31:01.844992000,200.0
1904-01-01 00:31:04.224992000,200.0
1904-01-01 00:31:07.424992000,187.5
1904-01-01 00:31:12.144992000,200.0
1904-01-01 00:31:17.584992000,200.0
1904-01-01 00:32:24.964992000,120.0
1904-01-01 00:32:30.244992000,200.0
1904-01-01 00:32:30.844992000,100.0
1904-01-01 00:32:31.004992000,200.0
1904-01-01 00:32:31.624992000,96.7741935483871
1904-01-01 00:32:31.784992000,200.0
1904-01-01 00:32:33.344992000,200.0
1904-01-01 00:32:33.464992000,200.0
1904-01-01 00:32:38.044992000,200.0
1904-01-01 00:32:40.044992000,200.0
1904-01-01 00:32:40.444992000,150.0
1904-01-01 00:32:40.584992000,200.0
1904-01-01 00:32:40.844992000,200.0
1904-01-01 00:32:41.404992000,107.14285714285714
1904-01-01 00:32:41.564992000,200.0
1904-01-01 00:32:46.884992000,150.0
1904-01-01 00:32:47.004992000,200.0
1904-01-01 00:32:47.484992000,125.0
1904-01-01 00:32:47.784992000,200.0
1904-01-01 00:32:50.084992000,200.0
1904-01-01 00:32:53.084992000,107.14285714285714
1904-01-01 00:32:55.344992000,157.89473684210526
1904-01-01 00:32:59.124992000,200.0
1904-01-01 00:33:02.164992000,200.0
1904-01-01 00:33:06.784992000,96.7741935483871
1904-01-01 00:33:09.804992000,200.0
1904-01-01 00:33:10.084992000,200.0
1904-01-01 00:33:10.544992000,130.43478260869566
1904-01-01 00:33:11.004992000,130.43478260869566
1904-01-01 00:33:11.164992000,200.0
1904-01-01 00:33:11.304992000,200.0
1904-01-01 00:33:12.624992000,200.0
1904-01-01 00:33:12.784992000,200.0
1904-01-01 00:33:14.024992000,200.0
1904-01-01 00:33:14.284992000,200.0
1904-01-01 00:33:15.764992000,200.0
1904-01-01 00:33:16.024992000,200.0
1904-01-01 00:33:16.184992000,200.0
1904-01-01 00:33:16.484992000,200.0
1904-01-01 00:33:16.624992000,200.0
1904-01-01 00:33:17.204992000,103.44827586206897
1904-01-01 00:33:17.924992000,187.5
1904-01-01 00:33:18.004992000,200.0
1904-01-01 00:33:18.084992000,200.0
1904-01-01 00:33:18.204992000,200.0
1904-01-01 00:33:18.324992000,200.0
1904-01-01 00:33:18.644992000,187.5
1904-01-01 00:33:18.964992000,187.5
1904-01-01 00:33:19.004992000,200.0
1904-01-01 00:33:19.204992000,200.0
1904-01-01 00:33:19.364992000,200.0
1904-01-01 00:33:19.524992000,200.0
1904-01-01 00:33:19.584992000,200.0
1904-01-01 00:33:19.964992000,157.89473684210526
1904-01-01 00:33:21.964992000,200.0
1904-01-01 00:33:22.024992000,200.0
1904-01-01 00:33:22.284992000,200.0
1904-01-01 00:33:23.624992000,200.0
1904-01-01 00:33:23.784992000,200.0
1904-01-01 00:33:23.864992000,200.0
1904-01-01 00:33:23.964992000,200.0
1904-01-01 00:33:24.044992000,200.0
1904-01-01 00:33:24.084992000,200.0
1904-01-01 00:33:24.524992000,136.36363636363637
1904-01-01 00:33:24.624992000,200.0
1904-01-01 00:33:25.004992000,157.89473684210526
1904-01-01 00:33:25.104992000,200.0
1904-01-01 00:33:25.264992000,200.0
1904-01-01 00:33:26.604992000,150.0
1904-01-01 00:33:26.764992000,200.0
1904-01-01 00:33:27.004992000,200.0
1904-01-01 00:33:27.484992000,125.0
1904-01-01 00:33:28.504992000,200.0
1904-01-01 00:33:28.624992000,200.0
1904-01-01 00:33:28.984992000,166.66666666666666
1904-01-01 00:33:29.224992000,200.0
1904-01-01 00:33:29.464992000,200.0
1904-01-01 00:33:29.624992000,200.0
1904-01-01 00:33:29.744992000,200.0
1904-01-01 00:33:29.844992000,200.0
1904-01-01 00:33:30.004992000,200.0
1904-01-01 00:33:30.104992000,200.0
1904-01-01 00:33:30.204992000,200.0
1904-01-01 00:33:30.464992000,200.0
1904-01-01 00:33:31.044992000,142.85714285714286
1904-01-01 00:33:31.224992000,200.0
1904-01-01 00:33:31.824992000,100.0
1904-01-01 00:33:31.864992000,200.0
1904-01-01 00:33:31.984992000,200.0
1904-01-01 00:33:33.464992000,187.5
1904-01-01 00:33:34.124992000,130.43478260869566
1904-01-01 00:33:34.224992000,200.0
1904-01-01 00:33:34.804992000,103.44827586206897
1904-01-01 00:33:34.964992000,200.0
1904-01-01 00:33:35.064991999,200.0
1904-01-01 00:33:35.104992000,200.0
1904-01-01 00:33:35.544992000,136.36363636363637
1904-01-01 00:33:35.724992000,200.0
1904-01-01 00:33:36.164992000,136.36363636363637
1904-01-01 00:33:36.344992000,200.0
1904-01-01 00:33:36.464992000,200.0
1904-01-01 00:33:37.264992000,200.0
1904-01-01 00:33:38.244992000,200.0
1904-01-01 00:33:38.364992000,200.0
1904-01-01 00:33:38.544992000,200.0
1904-01-01 00:33:38.704992000,200.0
1904-01-01 00:33:39.204992000,120.0
1904-01-01 00:33:39.284992000,200.0
1904-01-01 00:33:39.364992000,200.0
1904-01-01 00:33:39.444992000,200.0
1904-01-01 00:33:40.944992000,115.38461538461539
1904-01-01 00:33:41.364992000,200.0
1904-01-01 00:33:41.484992000,200.0
1904-01-01 00:33:41.904992000,142.85714285714286
1904-01-01 00:33:42.304992000,150.0
1904-01-01 00:33:43.484992000,200.0
1904-01-01 00:33:43.984992000,120.0
1904-01-01 00:33:44.264992000,200.0
1904-01-01 00:33:44.544992000,200.0
1904-01-01 00:33:44.724992000,200.0
1904-01-01 00:33:46.504992000,200.0
1904-01-01 00:33:46.724992000,200.0
1904-01-01 00:33:47.024992000,200.0
1904-01-01 00:33:47.144992000,200.0
1904-01-01 00:33:47.524992000,157.89473684210526
1904-01-01 00:33:47.664992000,200.0
1904-01-01 00:33:47.784992000,200.0
1904-01-01 00:33:48.004992000,200.0
1904-01-01 00:33:48.184992000,200.0
1904-01-01 00:33:48.544992000,166.66666666666666
1904-01-01 00:33:48.804992000,200.0
1904-01-01 00:33:49.304992000,120.0
1904-01-01 00:33:49.584992000,200.0
1904-01-01 00:33:49.804992000,200.0
1904-01-01 00:33:49.844992000,200.0
1904-01-01 00:33:50.084992000,200.0
1904-01-01 00:33:50.244992000,200.0
1904-01-01 00:33:50.624992000,157.89473684210526
1904-01-01 00:33:50.824992000,200.0
1904-01-01 00:33:51.524992000,200.0
1904-01-01 00:33:51.584992000,200.0
1904-01-01 00:33:51.704992000,200.0
1904-01-01 00:33:51.864992000,200.0
1904-01-01 00:33:52.324992000,130.43478260869566
1904-01-01 00:33:52.564992000,200.0
1904-01-01 00:33:52.704992000,200.0
1904-01-01 00:33:52.764992000,200.0
1904-01-01 00:33:52.824992000,200.0
1904-01-01 00:33:53.064991999,200.0
1904-01-01 00:33:53.804992000,96.7741935483871
1904-01-01 00:33:54.364992000,142.85714285714286
1904-01-01 00:33:54.564992000,200.0
1904-01-01 00:33:54.984992000,200.0
1904-01-01 00:33:55.324992000,176.47058823529412
1904-01-01 00:33:55.824992000,120.0
1904-01-01 00:33:56.064991999,200.0
1904-01-01 00:33:56.404992000,176.47058823529412
1904-01-01 00:33:56.544992000,200.0
1904-01-01 00:33:56.824992000,200.0
1904-01-01 00:33:57.204992000,157.89473684210526
1904-01-01 00:33:57.544992000,176.47058823529412
1904-01-01 00:33:57.584992000,200.0
1904-01-01 00:33:57.964992000,157.89473684210526
1904-01-01 00:33:58.324992000,166.66666666666666
1904-01-01 00:33:58.564992000,200.0
1904-01-01 00:33:58.604992000,200.0
1904-01-01 00:33:58.944992000,176.47058823529412
1904-01-01 00:33:59.104992000,200.0
1904-01-01 00:34:01.364992000,187.5
1904-01-01 00:34:01.644992000,200.0
1904-01-01 00:34:02.124992000,125.0
1904-01-01 00:34:02.224992000,200.0
1904-01-01 00:34:02.564992000,176.47058823529412
1904-01-01 00:34:02.724992000,200.0
1904-01-01 00:34:02.884992000,200.0
1904-01-01 00:34:03.124992000,200.0
1904-01-01 00:34:03.244992000,200.0
1904-01-01 00:34:03.284992000,200.0
1904-01-01 00:34:03.644992000,166.66666666666666
1904-01-01 00:34:03.744992000,200.0
1904-01-01 00:34:07.404992000,96.7741935483871
1904-01-01 00:34:08.924992000,176.47058823529412
1904-01-01 00:34:09.304992000,157.89473684210526
1904-01-01 00:34:09.664992000,166.66666666666666
1904-01-01 00:34:11.904992000,200.0
1904-01-01 00:34:13.404992000,200.0
1904-01-01 00:34:16.424992000,200.0
1904-01-01 00:34:17.524992000,200.0
1904-01-01 00:34:17.924992000,150.0
1904-01-01 00:34:18.104992000,200.0
1904-01-01 00:34:18.564992000,130.43478260869566
1904-01-01 00:34:18.664992000,200.0
1904-01-01 00:34:20.004992000,150.0
1904-01-01 00:34:20.164992000,200.0
1904-01-01 00:34:20.584992000,142.85714285714286
1904-01-01 00:34:20.904992000,187.5
1904-01-01 00:34:21.064991999,200.0
1904-01-01 00:34:21.664992000,100.0
1904-01-01 00:34:22.224992000,107.14285714285714
1904-01-01 00:34:23.884992000,96.7741935483871
1904-01-01 00:34:24.644992000,125.0
1904-01-01 00:34:24.744992000,200.0
1904-01-01 00:34:25.184992000,136.36363636363637
1904-01-01 00:34:25.224992000,200.0
1904-01-01 00:34:25.384992000,200.0
1904-01-01 00:34:26.864992000,142.85714285714286
1904-01-01 00:34:27.424992000,107.14285714285714
1904-01-01 00:34:29.124992000,200.0
1904-01-01 00:34:30.624992000,200.0
1904-01-01 00:34:31.004992000,157.89473684210526
1904-01-01 00:34:31.084992000,200.0
1904-01-01 00:34:31.384992000,200.0
1904-01-01 00:34:31.604992000,200.0
1904-01-01 00:34:31.984992000,157.89473684210526
1904-01-01 00:34:32.144992000,200.0
1904-01-01 00:34:32.724992000,103.44827586206897
1904-01-01 00:34:32.884992000,200.0
1904-01-01 00:34:33.104992000,200.0
1904-01-01 00:34:33.544992000,136.36363636363637
1904-01-01 00:34:36.484992000,200.0
1904-01-01 00:34:36.644992000,200.0
1904-01-01 00:34:38.004992000,176.47058823529412
1904-01-01 00:34:38.144992000,200.0
1904-01-01 00:34:38.404992000,200.0
1904-01-01 00:34:38.744992000,176.47058823529412
1904-01-01 00:34:38.904992000,200.0
1904-01-01 00:34:39.364992000,130.43478260869566
1904-01-01 00:34:39.624992000,200.0
1904-01-01 00:34:40.024992000,200.0
1904-01-01 00:34:40.384992000,166.66666666666666
1904-01-01 00:34:41.884992000,200.0
1904-01-01 00:34:42.164992000,200.0
1904-01-01 00:34:42.404992000,200.0
1904-01-01 00:34:42.484992000,200.0
1904-01-01 00:34:42.644992000,200.0
1904-01-01 00:34:42.924992000,200.0
1904-01-01 00:34:43.384992000,130.43478260869566
1904-01-01 00:34:43.964992000,103.44827586206897
1904-01-01 00:34:44.124992000,200.0
1904-01-01 00:34:45.324992000,200.0
1904-01-01 00:34:45.604992000,200.0
1904-01-01 00:34:46.164992000,200.0
1904-01-01 00:34:47.824992000,125.0
1904-01-01 00:34:48.224992000,200.0
1904-01-01 00:34:48.304992000,200.0
1904-01-01 00:34:48.584992000,200.0
1904-01-01 00:34:49.004992000,142.85714285714286
1904-01-01 00:34:49.044992000,200.0
1904-01-01 00:34:49.124992000,200.0
1904-01-01 00:34:49.304992000,200.0
1904-01-01 00:34:53.544992000,187.5
1904-01-01 00:34:53.684992000,200.0
1904-01-01 00:34:53.984992000,200.0
1904-01-01 00:34:54.404992000,142.85714285714286
1904-01-01 00:34:55.004992000,125.0
1904-01-01 00:34:55.144992000,200.0
1904-01-01 00:34:55.304992000,200.0
1904-01-01 00:34:55.864992000,107.14285714285714
1904-01-01 00:34:57.164992000,200.0
1904-01-01 00:34:57.324992000,200.0
1904-01-01 00:34:57.524992000,200.0
1904-01-01 00:34:58.044992000,115.38461538461539
1904-01-01 00:34:58.304992000,200.0
1904-01-01 00:34:58.784992000,125.0
1904-01-01 00:34:59.324992000,111.11111111111111
1904-01-01 00:34:59.584992000,200.0
1904-01-01 00:34:59.904992000,187.5
1904-01-01 00:35:00.084992000,200.0
1904-01-01 00:35:00.144992000,200.0
1904-01-01 00:35:00.244992000,200.0
1904-01-01 00:35:01.084992000,200.0
1904-01-01 00:35:01.264992000,200.0
1904-01-01 00:35:01.384992000,200.0
1904-01-01 00:35:01.624992000,200.0
1904-01-01 00:35:01.704992000,200.0
1904-01-01 00:35:01.904992000,200.0
1904-01-01 00:35:01.944992000,200.0
1904-01-01 00:35:02.444992000,120.0
1904-01-01 00:35:07.644992000,200.0
1904-01-01 00:35:07.884992000,200.0
1904-01-01 00:35:08.364992000,125.0
1904-01-01 00:35:09.124992000,200.0
1904-01-01 00:35:09.384992000,200.0
1904-01-01 00:35:09.844992000,130.43478260869566
1904-01-01 00:35:10.424992000,200.0
1904-01-01 00:35:10.584992000,200.0
1904-01-01 00:35:11.164992000,103.44827586206897
1904-01-01 00:35:11.324992000,200.0
1904-01-01 00:35:11.384992000,200.0
1904-01-01 00:35:11.644992000,200.0
1904-01-01 00:35:12.064991999,142.85714285714286
1904-01-01 00:35:12.184992000,200.0
1904-01-01 00:35:12.344992000,200.0
1904-01-01 00:35:12.384992000,200.0
1904-01-01 00:35:12.604992000,200.0
1904-01-01 00:35:12.784992000,200.0
1904-01-01 00:35:13.404992000,96.7741935483871
1904-01-01 00:35:13.524992000,200.0
1904-01-01 00:35:13.904992000,157.89473684210526
1904-01-01 00:35:14.264992000,166.66666666666666
1904-01-01 00:35:14.384992000,200.0
1904-01-01 00:35:14.984992000,100.0
1904-01-01 00:35:15.384992000,150.0
1904-01-01 00:35:15.444992000,200.0
1904-01-01 00:35:15.584992000,200.0
1904-01-01 00:35:15.724992000,200.0
1904-01-01 00:35:15.984992000,200.0
1904-01-01 00:35:16.364992000,157.89473684210526
1904-01-01 00:35:16.464992000,200.0
1904-01-01 00:35:16.664992000,200.0
1904-01-01 00:35:17.024992000,166.66666666666666
1904-01-01 00:35:17.204992000,200.0
1904-01-01 00:35:17.344992000,200.0
1904-01-01 00:35:17.404992000,200.0
1904-01-01 00:35:17.544992000,200.0
1904-01-01 00:35:17.784992000,200.0
1904-01-01 00:35:17.944992000,200.0
1904-01-01 00:35:18.404992000,130.43478260869566
1904-01-01 00:35:18.684992000,200.0
1904-01-01 00:35:19.664992000,200.0
1904-01-01 00:35:19.964992000,200.0
1904-01-01 00:35:20.144992000,200.0
1904-01-01 00:35:20.564992000,142.85714285714286
1904-01-01 00:35:21.364992000,125.0
1904-01-01 00:35:21.624992000,200.0
1904-01-01 00:35:22.204992000,103.44827586206897
1904-01-01 00:35:22.364992000,200.0
1904-01-01 00:35:22.584992000,200.0
1904-01-01 00:35:22.644992000,200.0
1904-01-01 00:35:23.104992000,130.43478260869566
1904-01-01 00:35:23.364992000,200.0
1904-01-01 00:35:23.404992000,200.0
1904-01-01 00:35:23.644992000,200.0
1904-01-01 00:35:23.844992000,200.0
1904-01-01 00:35:24.184992000,176.47058823529412
1904-01-01 00:35:24.404992000,200.0
1904-01-01 00:35:25.564992000,200.0
1904-01-01 00:35:25.904992000,176.47058823529412
1904-01-01 00:35:26.064991999,200.0
1904-01-01 00:35:26.324992000,200.0
1904-01-01 00:35:26.524992000,200.0
1904-01-01 00:35:27.384992000,142.85714285714286
1904-01-01 00:35:27.544992000,200.0
1904-01-01 00:35:28.144992000,200.0
1904-01-01 00:35:28.304992000,200.0
1904-01-01 00:35:28.404992000,200.0
1904-01-01 00:35:29.444992000,200.0
1904-01-01 00:35:29.804992000,166.66666666666666
1904-01-01 00:35:31.324992000,200.0
1904-01-01 00:35:31.364992000,200.0
1904-01-01 00:35:32.664992000,200.0
1904-01-01 00:35:32.824992000,200.0
1904-01-01 00:35:32.944992000,200.0
1904-01-01 00:35:33.204992000,200.0
1904-01-01 00:35:33.384992000,200.0
1904-01-01 00:35:33.584992000,200.0
1904-01-01 00:35:35.084992000,200.0
1904-01-01 00:35:35.364992000,200.0
1904-01-01 00:35:35.844992000,125.0
1904-01-01 00:35:36.624992000,200.0
1904-01-01 00:35:37.224992000,100.0
1904-01-01 00:35:37.384992000,200.0
1904-01-01 00:35:37.544992000,200.0
1904-01-01 00:35:38.144992000,100.0
1904-01-01 00:35:38.344992000,200.0
1904-01-01 00:35:38.404992000,200.0
1904-01-01 00:35:38.904992000,120.0
1904-01-01 00:35:39.424992000,115.38461538461539
1904-01-01 00:35:39.664992000,200.0
1904-01-01 00:35:41.164992000,200.0
1904-01-01 00:35:41.664992000,120.0
1904-01-01 00:35:41.904992000,200.0
1904-01-01 00:35:42.664992000,200.0
1904-01-01 00:35:43.624992000,200.0
1904-01-01 00:35:43.784992000,200.0
1904-01-01 00:35:44.164992000,157.89473684210526
1904-01-01 00:35:44.604992000,136.36363636363637
1904-01-01 00:35:44.904992000,200.0
1904-01-01 00:35:47.184992000,200.0
1904-01-01 00:35:52.104992000,200.0
1904-01-01 00:35:52.984992000,115.38461538461539
1904-01-01 00:35:53.124992000,200.0
1904-01-01 00:35:53.224992000,200.0
1904-01-01 00:35:53.804992000,103.44827586206897
1904-01-01 00:35:53.964992000,200.0
1904-01-01 00:35:54.164992000,200.0
1904-01-01 00:35:54.544992000,157.89473684210526
1904-01-01 00:35:54.724992000,200.0
1904-01-01 00:35:55.064991999,176.47058823529412
1904-01-01 00:35:55.304992000,200.0
1904-01-01 00:35:55.464992000,200.0
1904-01-01 00:35:56.064991999,100.0
1904-01-01 00:35:56.204992000,200.0
1904-01-01 00:35:56.964992000,166.66666666666666
1904-01-01 00:35:57.124992000,200.0
1904-01-01 00:35:58.184992000,130.43478260869566
1904-01-01 00:35:58.324992000,200.0
1904-01-01 00:35:58.464992000,200.0
1904-01-01 00:36:00.744992000,130.43478260869566
1904-01-01 00:36:01.284992000,111.11111111111111
1904-01-01 00:36:01.504992000,200.0
1904-01-01 00:36:01.824992000,187.5
1904-01-01 00:36:02.244992000,142.85714285714286
1904-01-01 00:36:02.464992000,200.0
1904-01-01 00:36:02.664992000,200.0
1904-01-01 00:36:03.024992000,166.66666666666666
1904-01-01 00:36:03.204992000,200.0
1904-01-01 00:36:03.264992000,200.0
1904-01-01 00:36:03.424992000,200.0
1904-01-01 00:36:03.764992000,176.47058823529412
1904-01-01 00:36:04.304992000,111.11111111111111
1904-01-01 00:36:04.344992000,200.0
1904-01-01 00:36:04.464992000,200.0
1904-01-01 00:36:04.524992000,200.0
1904-01-01 00:36:05.524992000,200.0
1904-01-01 00:36:05.904992000,157.89473684210526
1904-01-01 00:36:06.044992000,200.0
1904-01-01 00:36:06.424992000,157.89473684210526
1904-01-01 00:36:06.484992000,200.0
1904-01-01 00:36:06.604992000,200.0
1904-01-01 00:36:06.804992000,200.0
1904-01-01 00:36:06.984992000,200.0
1904-01-01 00:36:07.484992000,120.0
1904-01-01 00:36:08.584992000,200.0
1904-01-01 00:36:08.964992000,157.89473684210526
1904-01-01 00:36:09.104992000,200.0
1904-01-01 00:36:10.624992000,200.0
1904-01-01 00:36:11.224992000,100.0
1904-01-01 00:36:11.384992000,200.0
1904-01-01 00:36:11.644992000,200.0
1904-01-01 00:36:12.144992000,120.0
1904-01-01 00:36:15.944992000,200.0
1904-01-01 00:36:17.464992000,136.36363636363637
1904-01-01 00:36:19.544992000,136.36363636363637
1904-01-01 00:36:19.704992000,200.0
1904-01-01 00:36:21.184992000,120.0
1904-01-01 00:36:22.664992000,120.0
1904-01-01 00:36:23.104992000,136.36363636363637
1904-01-01 00:36:23.144992000,200.0
1904-01-01 00:36:23.404992000,200.0
1904-01-01 00:36:23.784992000,157.89473684210526
1904-01-01 00:36:24.144992000,166.66666666666666
1904-01-01 00:36:24.364992000,200.0
1904-01-01 00:36:24.844992000,125.0
1904-01-01 00:36:24.904992000,200.0
1904-01-01 00:36:25.264992000,166.66666666666666
1904-01-01 00:36:25.644992000,157.89473684210526
1904-01-01 00:36:27.264992000,200.0
1904-01-01 00:36:27.384992000,200.0
1904-01-01 00:36:27.844992000,130.43478260869566
1904-01-01 00:36:28.424992000,200.0
1904-01-01 00:36:28.584992000,200.0
1904-01-01 00:36:29.864992000,130.43478260869566
1904-01-01 00:36:30.024992000,200.0
1904-01-01 00:36:31.444992000,96.7741935483871
1904-01-01 00:36:32.164992000,96.7741935483871
1904-01-01 00:36:32.244992000,200.0
1904-01-01 00:36:33.464992000,200.0
1904-01-01 00:36:33.604992000,200.0
1904-01-01 00:36:34.584992000,200.0
1904-01-01 00:36:35.044992000,130.43478260869566
1904-01-01 00:36:36.544992000,200.0
1904-01-01 00:36:36.884992000,176.47058823529412
1904-01-01 00:36:36.944992000,200.0
1904-01-01 00:36:37.284992000,176.47058823529412
1904-01-01 00:36:40.584992000,200.0
1904-01-01 00:36:40.924992000,176.47058823529412
1904-01-01 00:36:41.504992000,103.44827586206897
1904-01-01 00:36:41.564992000,200.0
1904-01-01 00:36:41.664992000,200.0
1904-01-01 00:36:42.704992000,200.0
1904-01-01 00:36:43.144992000,136.36363636363637
1904-01-01 00:36:43.724992000,103.44827586206897
1904-01-01 00:36:43.884992000,200.0
1904-01-01 00:36:44.124992000,200.0
1904-01-01 00:36:44.504992000,157.89473684210526
1904-01-01 00:36:46.904992000,150.0
1904-01-01 00:36:48.264992000,176.47058823529412
1904-01-01 00:36:48.424992000,200.0
1904-01-01 00:36:49.944992000,200.0
1904-01-01 00:36:51.444992000,187.5
1904-01-01 00:36:51.644992000,200.0
1904-01-01 00:36:51.824992000,200.0
1904-01-01 00:36:52.044992000,200.0
1904-01-01 00:36:52.204992000,200.0
1904-01-01 00:36:52.444992000,200.0
1904-01-01 00:36:52.804992000,166.66666666666666
1904-01-01 00:36:52.964992000,200.0
1904-01-01 00:36:53.464992000,120.0
1904-01-01 00:36:53.704992000,200.0
1904-01-01 00:36:54.904992000,200.0
1904-01-01 00:36:55.204992000,200.0
1904-01-01 00:36:55.484992000,200.0
1904-01-01 00:36:55.724992000,200.0
1904-01-01 00:36:55.944992000,200.0
1904-01-01 00:36:56.224992000,200.0
1904-01-01 00:36:56.704992000,125.0
1904-01-01 00:36:56.904992000,200.0
1904-01-01 00:36:56.944992000,200.0
1904-01-01 00:36:57.104992000,200.0
1904-01-01 00:36:57.284992000,200.0
1904-01-01 00:36:57.444992000,200.0
1904-01-01 00:36:58.544992000,200.0
1904-01-01 00:36:58.784992000,200.0
1904-01-01 00:36:58.944992000,200.0
1904-01-01 00:36:59.164992000,200.0
1904-01-01 00:36:59.504992000,176.47058823529412
1904-01-01 00:36:59.684992000,200.0
1904-01-01 00:37:00.204992000,200.0
1904-01-01 00:37:00.284992000,200.0
1904-01-01 00:37:00.444992000,200.0
1904-01-01 00:37:00.584992000,200.0
1904-01-01 00:37:01.024992000,136.36363636363637
1904-01-01 00:37:01.544992000,166.66666666666666
1904-01-01 00:37:01.924992000,157.89473684210526
1904-01-01 00:37:02.184992000,200.0
1904-01-01 00:37:02.684992000,120.0
1904-01-01 00:37:03.144992000,130.43478260869566
1904-01-01 00:37:03.404992000,200.0
1904-01-01 00:37:05.464992000,200.0
1904-01-01 00:37:05.624992000,200.0
1904-01-01 00:37:05.824992000,200.0
1904-01-01 00:37:05.884992000,200.0
1904-01-01 00:37:06.364992000,125.0
1904-01-01 00:37:10.784992000,200.0
1904-01-01 00:37:12.604992000,200.0
1904-01-01 00:37:12.844992000,200.0
1904-01-01 00:37:13.004992000,200.0
1904-01-01 00:37:13.144992000,200.0
1904-01-01 00:37:13.604992000,130.43478260869566
1904-01-01 00:37:13.744992000,200.0
1904-01-01 00:37:17.744992000,200.0
1904-01-01 00:37:18.144992000,150.0
1904-01-01 00:37:18.704992000,107.14285714285714
1904-01-01 00:37:18.864992000,200.0
1904-01-01 00:37:20.284992000,120.0
1904-01-01 00:37:21.004992000,200.0
1904-01-01 00:37:22.904992000,200.0
1904-01-01 00:37:23.224992000,187.5
1904-01-01 00:37:24.724992000,200.0
1904-01-01 00:37:24.864992000,200.0
1904-01-01 00:37:24.924992000,200.0
1904-01-01 00:37:24.964992000,200.0
1904-01-01 00:37:25.464992000,120.0
1904-01-01 00:37:28.464992000,120.0
1904-01-01 00:37:28.584992000,200.0
1904-01-01 00:37:29.044992000,130.43478260869566
1904-01-01 00:37:29.204992000,200.0
1904-01-01 00:37:30.204992000,200.0
1904-01-01 00:37:30.664992000,130.43478260869566
1904-01-01 00:37:31.044992000,157.89473684210526
1904-01-01 00:37:31.084992000,200.0
1904-01-01 00:37:31.224992000,200.0
1904-01-01 00:37:31.384992000,200.0
1904-01-01 00:37:32.824992000,200.0
1904-01-01 00:37:33.544992000,130.43478260869566
1904-01-01 00:37:35.704992000,103.44827586206897
1904-01-01 00:37:36.124992000,142.85714285714286
1904-01-01 00:37:36.424992000,200.0
1904-01-01 00:37:37.724992000,157.89473684210526
1904-01-01 00:37:37.884992000,200.0
1904-01-01 00:37:39.184992000,200.0
1904-01-01 00:37:39.244992000,200.0
1904-01-01 00:37:39.344992000,200.0
1904-01-01 00:37:43.004992000,130.43478260869566
1904-01-01 00:37:43.344992000,176.47058823529412
1904-01-01 00:37:43.724992000,157.89473684210526
1904-01-01 00:37:43.944992000,200.0
1904-01-01 00:37:44.024992000,200.0
1904-01-01 00:37:44.444992000,142.85714285714286
1904-01-01 00:37:46.704992000,200.0
1904-01-01 00:37:47.284992000,103.44827586206897
1904-01-01 00:37:47.544992000,200.0
1904-01-01 00:37:48.004992000,130.43478260869566
1904-01-01 00:37:48.544992000,111.11111111111111
1904-01-01 00:37:48.724992000,200.0
1904-01-01 00:37:50.144992000,142.85714285714286
1904-01-01 00:37:51.904992000,200.0
1904-01-01 00:37:52.324992000,142.85714285714286
1904-01-01 00:37:53.784992000,130.43478260869566
1904-01-01 00:37:54.524992000,107.14285714285714
1904-01-01 00:37:54.764992000,200.0
1904-01-01 00:37:55.004992000,200.0
1904-01-01 00:37:55.084992000,200.0
1904-01-01 00:37:55.244992000,200.0
1904-01-01 00:37:55.384992000,200.0
1904-01-01 00:37:55.824992000,136.36363636363637
1904-01-01 00:37:56.424992000,136.36363636363637
1904-01-01 00:37:56.704992000,200.0
1904-01-01 00:37:56.844992000,200.0
1904-01-01 00:37:57.424992000,103.44827586206897
1904-01-01 00:37:58.724992000,200.0
1904-01-01 00:37:58.904992000,200.0
1904-01-01 00:37:59.084992000,200.0
1904-01-01 00:37:59.644992000,107.14285714285714
1904-01-01 00:37:59.944992000,200.0
1904-01-01 00:38:00.104992000,200.0
1904-01-01 00:38:00.364992000,200.0
1904-01-01 00:38:01.844992000,200.0
1904-01-01 00:38:02.184992000,176.47058823529412
1904-01-01 00:38:02.584992000,150.0
1904-01-01 00:38:02.824992000,200.0
1904-01-01 00:38:03.084992000,200.0
1904-01-01 00:38:03.324992000,200.0
1904-01-01 00:38:04.644992000,150.0
1904-01-01 00:38:04.804992000,200.0
1904-01-01 00:38:05.124992000,187.5
1904-01-01 00:38:05.384992000,200.0
1904-01-01 00:38:05.544992000,200.0
1904-01-01 00:38:06.664992000,200.0
1904-01-01 00:38:07.024992000,166.66666666666666
1904-01-01 00:38:08.364992000,166.66666666666666
1904-01-01 00:38:08.524992000,200.0
1904-01-01 00:38:10.404992000,200.0
1904-01-01 00:38:10.764992000,166.66666666666666
1904-01-01 00:38:11.244992000,125.0
1904-01-01 00:38:11.344992000,200.0
1904-01-01 00:38:11.504992000,200.0
1904-01-01 00:38:11.744992000,200.0
1904-01-01 00:38:12.084992000,176.47058823529412
1904-01-01 00:38:12.244992000,200.0
1904-01-01 00:38:12.844992000,100.0
1904-01-01 00:38:12.984992000,200.0
1904-01-01 00:38:13.264992000,200.0
1904-01-01 00:38:13.564992000,200.0
1904-01-01 00:38:13.724992000,200.0
1904-01-01 00:38:15.604992000,200.0
1904-01-01 00:38:15.924992000,187.5
1904-01-01 00:38:16.304992000,157.89473684210526
1904-01-01 00:38:16.644992000,176.47058823529412
1904-01-01 00:38:18.124992000,103.44827586206897
1904-01-01 00:38:18.404992000,200.0
1904-01-01 00:38:18.844992000,136.36363636363637
1904-01-01 00:38:19.364992000,200.0
1904-01-01 00:38:19.584992000,200.0
1904-01-01 00:38:21.464992000,200.0
1904-01-01 00:38:21.624992000,200.0
1904-01-01 00:38:21.784992000,200.0
1904-01-01 00:38:22.004992000,200.0
1904-01-01 00:38:22.484992000,125.0
1904-01-01 00:38:22.524992000,200.0
1904-01-01 00:38:22.984992000,130.43478260869566
1904-01-01 00:38:23.084992000,200.0
1904-01-01 00:38:23.244992000,200.0
1904-01-01 00:38:23.484992000,200.0
1904-01-01 00:38:23.524992000,200.0
1904-01-01 00:38:23.624992000,200.0
1904-01-01 00:38:23.984992000,166.66666666666666
1904-01-01 00:38:25.284992000,200.0
1904-01-01 00:38:25.444992000,200.0
1904-01-01 00:38:27.524992000,187.5
1904-01-01 00:38:27.684992000,200.0
1904-01-01 00:38:29.184992000,111.11111111111111
1904-01-01 00:38:31.464992000,200.0
1904-01-01 00:38:31.704992000,200.0
1904-01-01 00:38:31.744992000,200.0
1904-01-01 00:38:32.204992000,130.43478260869566
1904-01-01 00:38:34.424992000,187.5
1904-01-01 00:38:34.664992000,200.0
1904-01-01 00:38:34.984992000,187.5
1904-01-01 00:38:35.144992000,200.0
1904-01-01 00:38:35.544992000,150.0
1904-01-01 00:38:35.724992000,200.0
1904-01-01 00:38:37.324992000,100.0
1904-01-01 00:38:37.844992000,115.38461538461539
1904-01-01 00:38:38.064991999,200.0
1904-01-01 00:38:38.324992000,200.0
1904-01-01 00:38:38.424992000,200.0
1904-01-01 00:38:38.624992000,200.0
1904-01-01 00:38:38.784992000,200.0
1904-01-01 00:38:40.244992000,150.0
1904-01-01 00:38:40.504992000,200.0
1904-01-01 00:38:40.684992000,200.0
1904-01-01 00:38:40.824992000,200.0
1904-01-01 00:38:40.904992000,200.0
1904-01-01 00:38:40.964992000,200.0
1904-01-01 00:38:41.524992000,107.14285714285714
1904-01-01 00:38:41.704992000,200.0
1904-01-01 00:38:41.904992000,200.0
1904-01-01 00:38:42.444992000,111.11111111111111
1904-01-01 00:38:43.484992000,187.5
1904-01-01 00:38:43.904992000,142.85714285714286
1904-01-01 00:38:44.044992000,200.0
1904-01-01 00:38:44.184992000,200.0
1904-01-01 00:38:44.284992000,200.0
1904-01-01 00:38:44.504992000,200.0
1904-01-01 00:38:44.644992000,200.0
1904-01-01 00:38:45.104992000,130.43478260869566
1904-01-01 00:38:45.384992000,200.0
1904-01-01 00:38:45.644992000,200.0
1904-01-01 00:38:45.884992000,200.0
1904-01-01 00:38:46.124992000,200.0
1904-01-01 00:38:46.244992000,200.0
1904-01-01 00:38:46.864992000,96.7741935483871
1904-01-01 00:38:47.104992000,200.0
1904-01-01 00:38:47.604992000,120.0
1904-01-01 00:38:47.864992000,200.0
1904-01-01 00:38:48.324992000,130.43478260869566
1904-01-01 00:38:49.064991999,200.0
1904-01-01 00:38:51.264992000,200.0
1904-01-01 00:38:51.724992000,130.43478260869566
1904-01-01 00:38:51.844992000,200.0
1904-01-01 00:38:52.004992000,200.0
1904-01-01 00:38:52.144992000,200.0
1904-01-01 00:38:52.744992000,100.0
1904-01-01 00:38:53.204992000,130.43478260869566
1904-01-01 00:38:53.324992000,200.0
1904-01-01 00:38:53.484992000,200.0
1904-01-01 00:38:53.724992000,200.0
1904-01-01 00:38:54.224992000,120.0
1904-01-01 00:38:54.824992000,100.0
1904-01-01 00:38:54.964992000,200.0
1904-01-01 00:38:55.204992000,200.0
1904-01-01 00:38:55.384992000,200.0
1904-01-01 00:38:55.704992000,187.5
1904-01-01 00:38:58.504992000,176.47058823529412
1904-01-01 00:39:00.084992000,200.0
1904-01-01 00:39:00.164992000,200.0
1904-01-01 00:39:01.644992000,200.0
1904-01-01 00:39:02.684992000,200.0
1904-01-01 00:39:03.124992000,136.36363636363637
1904-01-01 00:39:03.564992000,136.36363636363637
1904-01-01 00:39:03.604992000,200.0
1904-01-01 00:39:03.684992000,200.0
1904-01-01 00:39:03.844992000,200.0
1904-01-01 00:39:04.404992000,107.14285714285714
1904-01-01 00:39:04.564992000,200.0
1904-01-01 00:39:05.804992000,166.66666666666666
1904-01-01 00:39:07.404992000,107.14285714285714
1904-01-01 00:39:07.724992000,200.0
1904-01-01 00:39:08.124992000,150.0
1904-01-01 00:39:08.704992000,187.5
1904-01-01 00:39:08.764992000,200.0
1904-01-01 00:39:08.844992000,200.0
1904-01-01 00:39:09.284992000,136.36363636363637
1904-01-01 00:39:09.584992000,200.0
1904-01-01 00:39:09.724992000,200.0
1904-01-01 00:39:09.844992000,200.0
1904-01-01 00:39:09.964992000,200.0
1904-01-01 00:39:10.304992000,176.47058823529412
1904-01-01 00:39:10.764992000,130.43478260869566
1904-01-01 00:39:11.044992000,200.0
1904-01-01 00:39:11.404992000,166.66666666666666
1904-01-01 00:39:11.784992000,157.89473684210526
1904-01-01 00:39:12.904992000,200.0
1904-01-01 00:39:13.264992000,166.66666666666666
1904-01-01 00:39:14.564992000,187.5
1904-01-01 00:39:14.744992000,200.0
1904-01-01 00:39:16.224992000,96.7741935483871
1904-01-01 00:39:17.204992000,200.0
1904-01-01 00:39:17.344992000,200.0
1904-01-01 00:39:17.704992000,166.66666666666666
1904-01-01 00:39:18.004992000,200.0
1904-01-01 00:39:18.464992000,130.43478260869566
1904-01-01 00:39:18.744992000,200.0
1904-01-01 00:39:19.044992000,200.0
1904-01-01 00:39:19.444992000,200.0
1904-01-01 00:39:19.764992000,187.5
1904-01-01 00:39:19.964992000,200.0
1904-01-01 00:39:20.084992000,200.0
1904-01-01 00:39:20.204992000,200.0
1904-01-01 00:39:20.564992000,166.66666666666666
1904-01-01 00:39:20.704992000,200.0
1904-01-01 00:39:22.204992000,157.89473684210526
1904-01-01 00:39:22.364992000,200.0
1904-01-01 00:39:22.944992000,103.44827586206897
1904-01-01 00:39:24.044992000,200.0
1904-01-01 00:39:24.444992000,150.0
1904-01-01 00:39:24.604992000,200.0
1904-01-01 00:39:24.924992000,187.5
1904-01-01 00:39:24.984992000,200.0
1904-01-01 00:39:25.044992000,200.0
1904-01-01 00:39:25.204992000,200.0
1904-01-01 00:39:25.444992000,200.0
1904-01-01 00:39:25.584992000,200.0
1904-01-01 00:39:25.944992000,166.66666666666666
1904-01-01 00:39:26.484992000,111.11111111111111
1904-01-01 00:39:26.704992000,200.0
1904-01-01 00:39:27.304992000,100.0
1904-01-01 00:39:27.444992000,200.0
1904-01-01 00:39:27.664992000,200.0
1904-01-01 00:39:28.344992000,200.0
1904-01-01 00:39:28.444992000,200.0
1904-01-01 00:39:28.784992000,176.47058823529412
1904-01-01 00:39:29.524992000,103.44827586206897
1904-01-01 00:39:29.824992000,200.0
1904-01-01 00:39:30.184992000,166.66666666666666
1904-01-01 00:39:30.424992000,200.0
1904-01-01 00:39:30.564992000,200.0
1904-01-01 00:39:30.604992000,200.0
1904-01-01 00:39:31.164992000,107.14285714285714
1904-01-01 00:39:31.904992000,157.89473684210526
1904-01-01 00:39:34.884992000,200.0
1904-01-01 00:39:35.264992000,157.89473684210526
1904-01-01 00:39:35.624992000,166.66666666666666
1904-01-01 00:39:37.104992000,200.0
1904-01-01 00:39:39.324992000,130.43478260869566
1904-01-01 00:39:41.024992000,200.0
1904-01-01 00:39:41.544992000,200.0
1904-01-01 00:39:42.104992000,107.14285714285714
1904-01-01 00:39:42.284992000,200.0
1904-01-01 00:39:42.404992000,200.0
1904-01-01 00:39:42.544992000,200.0
1904-01-01 00:39:42.884992000,176.47058823529412
1904-01-01 00:39:43.024992000,200.0
1904-01-01 00:39:43.484992000,130.43478260869566
1904-01-01 00:39:43.764992000,200.0
1904-01-01 00:39:43.924992000,200.0
1904-01-01 00:39:44.124992000,200.0
1904-01-01 00:39:44.504992000,157.89473684210526
1904-01-01 00:39:46.704992000,200.0
1904-01-01 00:39:47.144992000,136.36363636363637
1904-01-01 00:39:47.424992000,200.0
1904-01-01 00:39:47.564992000,200.0
1904-01-01 00:39:47.624992000,200.0
1904-01-01 00:39:48.004992000,157.89473684210526
1904-01-01 00:39:48.164992000,200.0
1904-01-01 00:39:48.624992000,130.43478260869566
1904-01-01 00:39:48.904992000,200.0
1904-01-01 00:39:51.084992000,142.85714285714286
1904-01-01 00:39:51.664992000,103.44827586206897
1904-01-01 00:39:51.824992000,200.0
1904-01-01 00:39:53.284992000,96.7741935483871
1904-01-01 00:39:55.464992000,200.0
1904-01-01 00:39:55.664992000,200.0
1904-01-01 00:39:56.184992000,115.38461538461539
1904-01-01 00:39:57.644992000,115.38461538461539
1904-01-01 00:39:57.744992000,200.0
1904-01-01 00:39:58.364992000,96.7741935483871
1904-01-01 00:39:59.104992000,187.5
1904-01-01 00:39:59.324992000,200.0
1904-01-01 00:40:00.164992000,176.47058823529412
1904-01-01 00:40:00.564992000,150.0
1904-01-01 00:40:00.804992000,200.0
1904-01-01 00:40:01.284992000,125.0
1904-01-01 00:40:03.204992000,142.85714285714286
1904-01-01 00:40:03.504992000,200.0
1904-01-01 00:40:06.504992000,200.0
1904-01-01 00:40:06.884992000,157.89473684210526
1904-01-01 00:40:07.264992000,157.89473684210526
1904-01-01 00:40:07.504992000,200.0
1904-01-01 00:40:08.024992000,115.38461538461539
1904-01-01 00:40:08.144992000,200.0
1904-01-01 00:40:08.624992000,125.0
1904-01-01 00:40:08.784992000,200.0
1904-01-01 00:40:10.304992000,200.0
1904-01-01 00:40:10.424992000,200.0
1904-01-01 00:40:10.464992000,200.0
1904-01-01 00:40:11.064991999,100.0
1904-01-01 00:40:13.704992000,200.0
1904-01-01 00:40:14.124992000,142.85714285714286
1904-01-01 00:40:14.224992000,200.0
1904-01-01 00:40:14.564992000,176.47058823529412
1904-01-01 00:40:14.884992000,187.5
1904-01-01 00:40:15.144992000,200.0
1904-01-01 00:40:15.244992000,200.0
1904-01-01 00:40:15.444992000,200.0
1904-01-01 00:40:15.644992000,200.0
1904-01-01 00:40:15.764992000,200.0
1904-01-01 00:40:16.184992000,142.85714285714286
1904-01-01 00:40:16.264992000,200.0
1904-01-01 00:40:16.404992000,200.0
1904-01-01 00:40:16.484992000,200.0
1904-01-01 00:40:16.624992000,200.0
1904-01-01 00:40:17.164992000,111.11111111111111
1904-01-01 00:40:17.944992000,200.0
1904-01-01 00:40:20.564992000,200.0
1904-01-01 00:40:20.964992000,150.0
1904-01-01 00:40:22.464992000,125.0
1904-01-01 00:40:22.584992000,200.0
1904-01-01 00:40:22.824992000,200.0
1904-01-01 00:40:23.004992000,200.0
1904-01-01 00:40:23.204992000,200.0
1904-01-01 00:40:23.624992000,200.0
1904-01-01 00:40:23.764992000,200.0
1904-01-01 00:40:23.964992000,200.0
1904-01-01 00:40:24.544992000,103.44827586206897
1904-01-01 00:40:24.664992000,200.0
1904-01-01 00:40:24.704992000,200.0
1904-01-01 00:40:25.084992000,157.89473684210526
1904-01-01 00:40:25.184992000,200.0
1904-01-01 00:40:25.224992000,200.0
1904-01-01 00:40:25.464992000,200.0
1904-01-01 00:40:25.684992000,200.0
1904-01-01 00:40:25.764992000,200.0
1904-01-01 00:40:26.144992000,157.89473684210526
1904-01-01 00:40:26.224992000,200.0
1904-01-01 00:40:26.724992000,120.0
1904-01-01 00:40:26.824992000,200.0
1904-01-01 00:40:26.984992000,200.0
1904-01-01 00:41:39.324992000,136.36363636363637
1904-01-01 00:41:39.944992000,96.7741935483871
1904-01-01 00:41:40.304992000,200.0
1904-01-01 00:41:40.844992000,111.11111111111111
1904-01-01 00:41:40.964992000,200.0
1904-01-01 00:41:41.304992000,176.47058823529412
1904-01-01 00:41:41.344992000,200.0
1904-01-01 00:41:41.444992000,200.0
1904-01-01 00:41:42.884992000,157.89473684210526
1904-01-01 00:41:42.944992000,200.0
1904-01-01 00:41:43.064991999,200.0
1904-01-01 00:41:43.324992000,200.0
1904-01-01 00:41:43.404992000,200.0
1904-01-01 00:41:43.824992000,142.85714285714286
1904-01-01 00:41:43.984992000,200.0
1904-01-01 00:41:44.404992000,142.85714285714286
1904-01-01 00:41:44.944992000,157.89473684210526
1904-01-01 00:41:45.244992000,200.0
1904-01-01 00:41:45.304992000,200.0
1904-01-01 00:41:45.384992000,200.0
1904-01-01 00:41:46.624992000,200.0
1904-01-01 00:41:46.664992000,200.0
1904-01-01 00:41:46.804992000,200.0
1904-01-01 00:41:47.304992000,120.0
1904-01-01 00:41:47.424992000,200.0
1904-01-01 00:41:47.564992000,200.0
1904-01-01 00:41:48.124992000,107.14285714285714
1904-01-01 00:41:48.324992000,200.0
1904-01-01 00:41:48.584992000,200.0
1904-01-01 00:41:48.704992000,200.0
1904-01-01 00:41:49.084992000,157.89473684210526
1904-01-01 00:41:49.584992000,200.0
1904-01-01 00:41:49.704992000,200.0
1904-01-01 00:41:49.864992000,200.0
1904-01-01 00:41:50.764992000,200.0
1904-01-01 00:41:51.384992000,96.7741935483871
1904-01-01 00:41:51.584992000,200.0
1904-01-01 00:41:51.684992000,200.0
1904-01-01 00:41:51.724992000,200.0
1904-01-01 00:41:51.824992000,200.0
1904-01-01 00:41:52.164992000,176.47058823529412
1904-01-01 00:41:52.604992000,136.36363636363637
1904-01-01 00:41:53.104992000,200.0
1904-01-01 00:41:53.184992000,200.0
1904-01-01 00:41:53.544992000,166.66666666666666
1904-01-01 00:41:53.604992000,200.0
1904-01-01 00:41:53.904992000,200.0
1904-01-01 00:41:54.244992000,176.47058823529412
1904-01-01 00:41:54.404992000,200.0
1904-01-01 00:41:54.624992000,200.0
1904-01-01 00:41:55.644992000,150.0
1904-01-01 00:41:55.684992000,200.0
1904-01-01 00:41:55.824992000,200.0
1904-01-01 00:41:55.884992000,200.0
1904-01-01 00:41:56.224992000,176.47058823529412
1904-01-01 00:41:56.304992000,200.0
1904-01-01 00:41:56.624992000,187.5
1904-01-01 00:41:57.164992000,111.11111111111111
1904-01-01 00:41:57.364992000,200.0
1904-01-01 00:43:06.824992000,200.0
1904-01-01 00:43:07.984992000,200.0
1904-01-01 00:43:08.324992000,176.47058823529412
1904-01-01 00:43:08.644992000,200.0
1904-01-01 00:43:09.064991999,142.85714285714286
1904-01-01 00:43:09.264992000,200.0
1904-01-01 00:43:09.804992000,200.0
1904-01-01 00:43:10.084992000,200.0
1904-01-01 00:43:10.544992000,130.43478260869566
1904-01-01 00:43:10.784992000,200.0
1904-01-01 00:43:10.924992000,200.0
1904-01-01 00:43:11.284992000,200.0
1904-01-01 00:43:11.384992000,200.0
1904-01-01 00:43:11.604992000,200.0
1904-01-01 00:43:11.744992000,200.0
1904-01-01 00:43:11.804992000,200.0
1904-01-01 00:43:12.004992000,200.0
1904-01-01 00:43:12.144992000,200.0
1904-01-01 00:43:12.384992000,200.0
1904-01-01 00:43:12.424992000,200.0
1904-01-01 00:43:12.604992000,200.0
1904-01-01 00:43:12.744992000,200.0
1904-01-01 00:43:12.864992000,200.0
1904-01-01 00:43:13.004992000,200.0
1904-01-01 00:43:13.304992000,200.0
1904-01-01 00:43:13.424992000,200.0
1904-01-01 00:43:13.964992000,200.0
1904-01-01 00:43:14.044992000,200.0
1904-01-01 00:43:14.104992000,200.0
1904-01-01 00:43:14.164992000,200.0
1904-01-01 00:43:14.284992000,200.0
1904-01-01 00:43:14.424992000,200.0
1904-01-01 00:43:14.604992000,200.0
1904-01-01 00:43:14.744992000,200.0
1904-01-01 00:43:15.304992000,200.0
1904-01-01 00:43:15.384992000,200.0
1904-01-01 00:43:15.424992000,200.0
1904-01-01 00:43:15.604992000,200.0
1904-01-01 00:43:15.644992000,200.0
1904-01-01 00:43:15.784992000,200.0
1904-01-01 00:43:15.924992000,200.0
1904-01-01 00:43:16.244992000,200.0
1904-01-01 00:43:16.584992000,200.0
1904-01-01 00:43:16.784992000,200.0
1904-01-01 00:43:17.064991999,200.0
1904-01-01 00:43:17.164992000,200.0
1904-01-01 00:43:17.264992000,200.0
1904-01-01 00:43:17.344992000,200.0
1904-01-01 00:43:17.424992000,200.0
1904-01-01 00:43:17.584992000,200.0
1904-01-01 00:43:17.784992000,200.0
1904-01-01 00:43:17.924992000,200.0
1904-01-01 00:43:18.404992000,200.0
1904-01-01 00:43:18.804992000,200.0
1904-01-01 00:43:18.844992000,200.0
1904-01-01 00:43:18.944992000,200.0
1904-01-01 00:43:19.044992000,200.0
1904-01-01 00:43:19.224992000,200.0
1904-01-01 00:43:19.324992000,200.0
1904-01-01 00:43:19.484992000,200.0
1904-01-01 00:43:19.824992000,200.0
1904-01-01 00:43:20.264992000,200.0
1904-01-01 00:43:20.484992000,200.0
1904-01-01 00:43:20.824992000,176.47058823529412
1904-01-01 00:43:20.984992000,200.0
1904-01-01 00:43:21.064991999,200.0
1904-01-01 00:43:21.344992000,200.0
1904-01-01 00:43:21.464992000,200.0
1904-01-01 00:43:21.824992000,166.66666666666666
1904-01-01 00:43:22.124992000,200.0
1904-01-01 00:43:22.344992000,200.0
1904-01-01 00:43:22.424992000,200.0
1904-01-01 00:43:22.464992000,200.0
1904-01-01 00:43:22.624992000,200.0
1904-01-01 00:43:22.864992000,200.0
1904-01-01 00:43:22.984992000,200.0
1904-01-01 00:43:23.404992000,187.5
1904-01-01 00:43:23.464992000,200.0
1904-01-01 00:43:23.664992000,200.0
1904-01-01 00:43:24.024992000,200.0
1904-01-01 00:43:24.184992000,200.0
1904-01-01 00:43:24.464992000,200.0
1904-01-01 00:43:24.504992000,200.0
1904-01-01 00:43:24.584992000,200.0
1904-01-01 00:43:24.684992000,200.0
1904-01-01 00:43:24.804992000,200.0
1904-01-01 00:43:24.884992000,200.0
1904-01-01 00:43:24.964992000,200.0
1904-01-01 00:43:25.064991999,200.0
1904-01-01 00:43:25.204992000,200.0
1904-01-01 00:43:25.484992000,200.0
1904-01-01 00:43:25.724992000,200.0
1904-01-01 00:43:25.884992000,200.0
1904-01-01 00:43:26.384992000,187.5
1904-01-01 00:43:26.504992000,200.0
1904-01-01 00:43:26.924992000,142.85714285714286
1904-01-01 00:43:27.084992000,200.0
1904-01-01 00:43:27.384992000,200.0
1904-01-01 00:43:27.704992000,187.5
1904-01-01 00:43:27.884992000,200.0
1904-01-01 00:43:28.044992000,200.0
1904-01-01 00:43:28.504992000,200.0
1904-01-01 00:43:28.664992000,200.0
1904-01-01 00:43:29.024992000,200.0
1904-01-01 00:43:29.544992000,200.0
1904-01-01 00:43:29.604992000,200.0
1904-01-01 00:43:29.704992000,200.0
1904-01-01 00:43:29.904992000,200.0
1904-01-01 00:43:30.364992000,157.89473684210526
1904-01-01 00:43:30.824992000,200.0
1904-01-01 00:43:30.884992000,200.0
1904-01-01 00:43:30.924992000,200.0
1904-01-01 00:43:31.124992000,200.0
1904-01-01 00:43:31.464992000,200.0
1904-01-01 00:43:31.544992000,200.0
1904-01-01 00:43:31.724992000,200.0
1904-01-01 00:43:31.884992000,200.0
1904-01-01 00:43:32.144992000,200.0
1904-01-01 00:43:32.304992000,200.0
1904-01-01 00:43:32.424992000,200.0
1904-01-01 00:43:32.504992000,200.0
1904-01-01 00:43:32.564992000,200.0
1904-01-01 00:43:32.904992000,176.47058823529412
1904-01-01 00:43:33.584992000,200.0
1904-01-01 00:43:33.764992000,200.0
1904-01-01 00:43:33.984992000,200.0
1904-01-01 00:43:34.124992000,200.0
1904-01-01 00:43:34.184992000,200.0
1904-01-01 00:43:34.244992000,200.0
1904-01-01 00:43:34.424992000,200.0
1904-01-01 00:43:34.504992000,200.0
1904-01-01 00:43:34.924992000,142.85714285714286
1904-01-01 00:43:34.964992000,200.0
1904-01-01 00:43:35.084992000,200.0
1904-01-01 00:43:35.424992000,176.47058823529412
1904-01-01 00:43:35.504992000,200.0
1904-01-01 00:43:35.584992000,200.0
1904-01-01 00:43:35.684992000,200.0
1904-01-01 00:43:35.944992000,200.0
1904-01-01 00:43:36.424992000,125.0
1904-01-01 00:43:36.924992000,166.66666666666666
1904-01-01 00:43:36.964992000,200.0
1904-01-01 00:43:37.044992000,200.0
1904-01-01 00:43:37.084992000,200.0
1904-01-01 00:43:37.184992000,200.0
1904-01-01 00:43:37.424992000,200.0
1904-01-01 00:43:37.524992000,200.0
1904-01-01 00:43:37.584992000,200.0
1904-01-01 00:43:37.964992000,157.89473684210526
1904-01-01 00:43:38.104992000,200.0
1904-01-01 00:43:38.684992000,200.0
1904-01-01 00:43:38.984992000,200.0
1904-01-01 00:43:39.264992000,200.0
1904-01-01 00:43:39.444992000,200.0
1904-01-01 00:43:39.484992000,200.0
1904-01-01 00:43:39.624992000,200.0
1904-01-01 00:43:39.984992000,166.66666666666666
1904-01-01 00:43:40.184992000,200.0
1904-01-01 00:43:40.584992000,150.0
1904-01-01 00:43:40.944992000,166.66666666666666
1904-01-01 00:43:41.004992000,200.0
1904-01-01 00:43:41.064991999,200.0
1904-01-01 00:43:41.144992000,200.0
1904-01-01 00:43:41.184992000,200.0
1904-01-01 00:43:41.604992000,142.85714285714286
1904-01-01 00:43:41.704992000,200.0
1904-01-01 00:43:41.984992000,200.0
1904-01-01 00:43:42.444992000,200.0
1904-01-01 00:43:42.664992000,200.0
1904-01-01 00:43:42.824992000,200.0
1904-01-01 00:43:43.024992000,200.0
1904-01-01 00:43:43.524992000,187.5
1904-01-01 00:43:43.624992000,200.0
1904-01-01 00:43:43.944992000,187.5
1904-01-01 00:43:44.104992000,200.0
1904-01-01 00:43:44.184992000,200.0
1904-01-01 00:43:44.244992000,200.0
1904-01-01 00:43:44.524992000,200.0
1904-01-01 00:43:44.704992000,200.0
1904-01-01 00:43:45.024992000,187.5
1904-01-01 00:43:45.064991999,200.0
1904-01-01 00:43:45.284992000,200.0
1904-01-01 00:43:45.444992000,200.0
1904-01-01 00:43:46.044992000,166.66666666666666
1904-01-01 00:43:46.184992000,200.0
1904-01-01 00:43:46.624992000,187.5
1904-01-01 00:43:46.944992000,187.5
1904-01-01 00:43:47.084992000,200.0
1904-01-01 00:43:47.184992000,200.0
1904-01-01 00:43:47.224992000,200.0
1904-01-01 00:43:47.684992000,130.43478260869566
1904-01-01 00:43:47.904992000,200.0
1904-01-01 00:43:48.084992000,200.0
1904-01-01 00:43:48.424992000,200.0
1904-01-01 00:43:48.644992000,200.0
1904-01-01 00:43:48.724992000,200.0
1904-01-01 00:43:49.104992000,157.89473684210526
1904-01-01 00:43:49.164992000,200.0
1904-01-01 00:43:49.284992000,200.0
1904-01-01 00:43:49.604992000,187.5
1904-01-01 00:43:49.904992000,200.0
1904-01-01 00:43:50.644992000,166.66666666666666
1904-01-01 00:43:51.404992000,200.0
1904-01-01 00:43:51.604992000,200.0
1904-01-01 00:43:51.664992000,200.0
1904-01-01 00:43:51.704992000,200.0
1904-01-01 00:43:52.124992000,142.85714285714286
1904-01-01 00:43:52.904992000,200.0
1904-01-01 00:43:53.144992000,200.0
1904-01-01 00:43:53.284992000,200.0
1904-01-01 00:43:53.644992000,166.66666666666666
1904-01-01 00:43:53.744992000,200.0
1904-01-01 00:43:54.144992000,150.0
1904-01-01 00:43:54.384992000,200.0
1904-01-01 00:43:54.724992000,200.0
1904-01-01 00:43:54.944992000,200.0
1904-01-01 00:43:55.144992000,200.0
1904-01-01 00:43:55.424992000,200.0
1904-01-01 00:43:55.784992000,166.66666666666666
1904-01-01 00:43:55.884992000,200.0
1904-01-01 00:43:55.944992000,200.0
1904-01-01 00:43:56.164992000,200.0
1904-01-01 00:43:56.644992000,187.5
1904-01-01 00:43:56.744992000,200.0
1904-01-01 00:43:57.184992000,136.36363636363637
1904-01-01 00:43:57.384992000,200.0
1904-01-01 00:43:57.744992000,166.66666666666666
1904-01-01 00:43:57.944992000,200.0
1904-01-01 00:43:58.124992000,200.0
1904-01-01 00:43:58.704992000,120.0
1904-01-01 00:43:58.744992000,200.0
1904-01-01 00:43:58.784992000,200.0
1904-01-01 00:43:58.824992000,200.0
1904-01-01 00:43:58.884992000,200.0
1904-01-01 00:43:59.204992000,187.5
1904-01-01 00:43:59.624992000,200.0
1904-01-01 00:43:59.744992000,200.0
1904-01-01 00:43:59.824992000,200.0
1904-01-01 00:44:00.224992000,150.0
1904-01-01 00:44:00.264992000,200.0
1904-01-01 00:44:00.364992000,200.0
1904-01-01 00:44:00.864992000,200.0
1904-01-01 00:44:01.104992000,200.0
1904-01-01 00:44:01.244992000,200.0
1904-01-01 00:44:01.284992000,200.0
1904-01-01 00:44:01.344992000,200.0
1904-01-01 00:44:01.404992000,200.0
1904-01-01 00:44:01.724992000,187.5
1904-01-01 00:44:01.864992000,200.0
1904-01-01 00:44:01.904992000,200.0
1904-01-01 00:44:02.244992000,176.47058823529412
1904-01-01 00:44:02.364992000,200.0
1904-01-01 00:44:02.584992000,200.0
1904-01-01 00:44:02.804992000,200.0
1904-01-01 00:44:02.884992000,200.0
1904-01-01 00:44:03.064991999,200.0
1904-01-01 00:44:03.164992000,200.0
1904-01-01 00:44:03.244992000,200.0
1904-01-01 00:44:03.324992000,200.0
1904-01-01 00:44:03.404992000,200.0
1904-01-01 00:44:03.764992000,166.66666666666666
1904-01-01 00:44:03.844992000,200.0
1904-01-01 00:44:03.884992000,200.0
1904-01-01 00:44:04.084992000,200.0
1904-01-01 00:44:04.204992000,200.0
1904-01-01 00:44:04.464992000,200.0
1904-01-01 00:44:04.504992000,200.0
1904-01-01 00:44:04.804992000,200.0
1904-01-01 00:44:04.924992000,200.0
1904-01-01 00:44:05.284992000,166.66666666666666
1904-01-01 00:44:05.904992000,166.66666666666666
1904-01-01 00:44:07.944992000,200.0
1904-01-01 00:44:08.404992000,200.0
1904-01-01 00:44:08.564992000,200.0
1904-01-01 00:44:08.964992000,150.0
1904-01-01 00:44:09.184992000,200.0
1904-01-01 00:44:09.404992000,200.0
1904-01-01 00:44:09.584992000,200.0
1904-01-01 00:44:09.784992000,200.0
1904-01-01 00:44:09.924992000,200.0
1904-01-01 00:44:10.044992000,200.0
1904-01-01 00:44:10.344992000,200.0
1904-01-01 00:44:10.404992000,200.0
1904-01-01 00:44:10.604992000,200.0
1904-01-01 00:44:10.664992000,200.0
1904-01-01 00:44:11.044992000,157.89473684210526
1904-01-01 00:44:11.384992000,176.47058823529412
1904-01-01 00:44:11.924992000,125.0
1904-01-01 00:44:12.144992000,200.0
1904-01-01 00:44:12.464992000,187.5
1904-01-01 00:44:12.584992000,200.0
1904-01-01 00:44:13.044992000,200.0
1904-01-01 00:44:13.124992000,200.0
1904-01-01 00:44:13.204992000,200.0
1904-01-01 00:44:13.444992000,200.0
1904-01-01 00:44:13.484992000,200.0
1904-01-01 00:44:13.604992000,200.0
1904-01-01 00:44:14.084992000,125.0
1904-01-01 00:44:14.184992000,200.0
1904-01-01 00:44:14.344992000,200.0
1904-01-01 00:44:14.504992000,200.0
1904-01-01 00:44:14.584992000,200.0
1904-01-01 00:44:14.644992000,200.0
1904-01-01 00:44:15.004992000,166.66666666666666
1904-01-01 00:44:15.084992000,200.0
1904-01-01 00:44:15.164992000,200.0
1904-01-01 00:44:15.524992000,166.66666666666666
1904-01-01 00:44:15.684992000,200.0
1904-01-01 00:44:15.824992000,200.0
1904-01-01 00:44:17.304992000,100.0
1904-01-01 00:44:17.524992000,200.0
1904-01-01 00:44:18.044992000,157.89473684210526
1904-01-01 00:44:18.644992000,125.0
1904-01-01 00:44:19.084992000,200.0
1904-01-01 00:44:19.144992000,200.0
1904-01-01 00:44:19.204992000,200.0
1904-01-01 00:44:19.344992000,200.0
1904-01-01 00:44:19.384992000,200.0
1904-01-01 00:44:19.544992000,200.0
1904-01-01 00:44:19.584992000,200.0
1904-01-01 00:44:19.664992000,200.0
1904-01-01 00:44:19.804992000,200.0
1904-01-01 00:44:20.084992000,200.0
1904-01-01 00:44:20.264992000,200.0
1904-01-01 00:44:20.564992000,200.0
1904-01-01 00:44:21.004992000,176.47058823529412
1904-01-01 00:44:21.384992000,200.0
1904-01-01 00:44:21.724992000,176.47058823529412
1904-01-01 00:44:22.164992000,200.0
1904-01-01 00:44:22.304992000,200.0
1904-01-01 00:44:22.464992000,200.0
1904-01-01 00:44:22.604992000,200.0
1904-01-01 00:44:22.724992000,200.0
1904-01-01 00:44:22.804992000,200.0
1904-01-01 00:44:22.844992000,200.0
1904-01-01 00:44:23.044992000,200.0
1904-01-01 00:44:23.144992000,200.0
1904-01-01 00:44:23.204992000,200.0
1904-01-01 00:44:23.544992000,176.47058823529412
1904-01-01 00:44:23.584992000,200.0
1904-01-01 00:44:23.764992000,200.0
1904-01-01 00:44:24.584992000,150.0
1904-01-01 00:44:24.864992000,200.0
1904-01-01 00:44:25.184992000,187.5
1904-01-01 00:44:25.664992000,200.0
1904-01-01 00:44:25.784992000,200.0
1904-01-01 00:44:26.124992000,176.47058823529412
1904-01-01 00:44:26.204992000,200.0
1904-01-01 00:44:26.604992000,150.0
1904-01-01 00:44:26.744992000,200.0
1904-01-01 00:44:26.864992000,200.0
1904-01-01 00:44:27.044992000,200.0
1904-01-01 00:44:27.124992000,200.0
1904-01-01 00:44:27.164992000,200.0
1904-01-01 00:44:27.264992000,200.0
1904-01-01 00:44:27.624992000,166.66666666666666
1904-01-01 00:44:28.044992000,200.0
1904-01-01 00:44:28.144992000,200.0
1904-01-01 00:44:28.224992000,200.0
1904-01-01 00:44:28.364992000,200.0
1904-01-01 00:44:28.484992000,200.0
1904-01-01 00:44:28.644992000,200.0
1904-01-01 00:44:28.804992000,200.0
1904-01-01 00:44:29.104992000,200.0
1904-01-01 00:44:29.244992000,200.0
1904-01-01 00:44:29.684992000,136.36363636363637
1904-01-01 00:44:30.324992000,125.0
1904-01-01 00:44:30.844992000,200.0
1904-01-01 00:44:31.064991999,200.0
1904-01-01 00:44:31.324992000,200.0
1904-01-01 00:44:31.704992000,157.89473684210526
1904-01-01 00:44:32.064991999,200.0
1904-01-01 00:44:32.304992000,200.0
1904-01-01 00:44:32.704992000,150.0
1904-01-01 00:44:32.924992000,200.0
1904-01-01 00:44:33.224992000,200.0
1904-01-01 00:44:33.344992000,200.0
1904-01-01 00:44:33.524992000,200.0
1904-01-01 00:44:33.884992000,200.0
1904-01-01 00:44:33.944992000,200.0
1904-01-01 00:44:34.124992000,200.0
1904-01-01 00:44:34.224992000,200.0
1904-01-01 00:44:34.264992000,200.0
1904-01-01 00:44:34.324992000,200.0
1904-01-01 00:44:34.384992000,200.0
1904-01-01 00:44:34.704992000,187.5
1904-01-01 00:44:35.004992000,200.0
1904-01-01 00:44:35.244992000,200.0
1904-01-01 00:44:35.384992000,200.0
1904-01-01 00:44:35.744992000,166.66666666666666
1904-01-01 00:44:35.904992000,200.0
1904-01-01 00:44:36.204992000,200.0
1904-01-01 00:44:36.304992000,200.0
1904-01-01 00:44:36.484992000,200.0
1904-01-01 00:44:36.724992000,200.0
1904-01-01 00:44:36.844992000,200.0
1904-01-01 00:44:37.224992000,200.0
1904-01-01 00:44:37.324992000,200.0
1904-01-01 00:44:37.384992000,200.0
1904-01-01 00:44:37.744992000,166.66666666666666
1904-01-01 00:44:37.964992000,200.0
1904-01-01 00:44:38.324992000,200.0
1904-01-01 00:44:38.384992000,200.0
1904-01-01 00:44:38.724992000,176.47058823529412
1904-01-01 00:44:38.764992000,200.0
1904-01-01 00:44:38.844992000,200.0
1904-01-01 00:44:39.264992000,142.85714285714286
1904-01-01 00:44:39.584992000,200.0
1904-01-01 00:44:39.744992000,200.0
1904-01-01 00:44:39.784992000,200.0
1904-01-01 00:44:39.944992000,200.0
1904-01-01 00:44:40.044992000,200.0
1904-01-01 00:44:40.224992000,200.0
1904-01-01 00:44:40.344992000,200.0
1904-01-01 00:44:40.404992000,200.0
1904-01-01 00:44:40.604992000,200.0
1904-01-01 00:44:40.784992000,200.0
1904-01-01 00:44:40.824992000,200.0
1904-01-01 00:44:40.884992000,200.0
1904-01-01 00:44:40.964992000,200.0
1904-01-01 00:44:41.064991999,200.0
1904-01-01 00:44:41.284992000,200.0
1904-01-01 00:44:41.384992000,200.0
1904-01-01 00:44:41.444992000,200.0
1904-01-01 00:44:41.624992000,200.0
1904-01-01 00:44:41.704992000,200.0
1904-01-01 00:44:41.804992000,200.0
1904-01-01 00:44:41.964992000,200.0
1904-01-01 00:44:42.344992000,200.0
1904-01-01 00:44:42.404992000,200.0
1904-01-01 00:44:42.464992000,200.0
1904-01-01 00:44:42.804992000,176.47058823529412
1904-01-01 00:44:42.944992000,200.0
1904-01-01 00:44:43.204992000,200.0
1904-01-01 00:44:43.304992000,200.0
1904-01-01 00:44:43.404992000,200.0
1904-01-01 00:44:43.784992000,157.89473684210526
1904-01-01 00:44:43.824992000,200.0
1904-01-01 00:44:43.944992000,200.0
1904-01-01 00:44:44.384992000,166.66666666666666
1904-01-01 00:44:44.704992000,187.5
1904-01-01 00:44:44.844992000,200.0
1904-01-01 00:44:44.984992000,200.0
1904-01-01 00:44:45.344992000,166.66666666666666
1904-01-01 00:44:45.444992000,200.0
1904-01-01 00:44:46.204992000,200.0
1904-01-01 00:44:46.484992000,200.0
1904-01-01 00:44:46.764992000,200.0
1904-01-01 00:44:46.924992000,200.0
1904-01-01 00:44:47.024992000,200.0
1904-01-01 00:44:47.244992000,200.0
1904-01-01 00:44:47.384992000,200.0
1904-01-01 00:44:47.664992000,200.0
1904-01-01 00:44:48.044992000,200.0
1904-01-01 00:44:48.264992000,200.0
1904-01-01 00:44:48.404992000,200.0
1904-01-01 00:44:48.564992000,200.0
1904-01-01 00:44:48.664992000,200.0
1904-01-01 00:44:49.144992000,125.0
1904-01-01 00:44:49.364992000,200.0
1904-01-01 00:44:49.724992000,166.66666666666666
1904-01-01 00:44:49.864992000,200.0
1904-01-01 00:44:50.144992000,200.0
1904-01-01 00:44:50.244992000,200.0
1904-01-01 00:44:50.604992000,166.66666666666666
1904-01-01 00:44:52.784992000,200.0
1904-01-01 00:44:53.104992000,187.5
1904-01-01 00:44:53.224992000,200.0
1904-01-01 00:44:53.284992000,200.0
1904-01-01 00:44:53.344992000,200.0
1904-01-01 00:44:53.584992000,200.0
1904-01-01 00:44:53.744992000,200.0
1904-01-01 00:44:53.924992000,200.0
1904-01-01 00:44:54.164992000,200.0
1904-01-01 00:44:54.224992000,200.0
1904-01-01 00:44:55.504992000,200.0
1904-01-01 00:44:55.664992000,200.0
1904-01-01 00:44:55.864992000,200.0
1904-01-01 00:44:56.224992000,166.66666666666666
1904-01-01 00:44:56.644992000,200.0
1904-01-01 00:44:56.804992000,200.0
1904-01-01 00:44:56.984992000,200.0
1904-01-01 00:44:57.104992000,200.0
1904-01-01 00:44:58.404992000,200.0
1904-01-01 00:44:58.564992000,200.0
1904-01-01 00:44:58.684992000,200.0
1904-01-01 00:44:58.824992000,200.0
1904-01-01 00:44:58.924992000,200.0
1904-01-01 00:44:59.284992000,166.66666666666666
1904-01-01 00:45:00.244992000,200.0
1904-01-01 00:45:00.764992000,115.38461538461539
1904-01-01 00:45:01.304992000,200.0
1904-01-01 00:45:01.424992000,200.0
1904-01-01 00:45:01.524992000,200.0
1904-01-01 00:45:01.764992000,200.0
1904-01-01 00:45:02.264992000,120.0
1904-01-01 00:45:02.704992000,136.36363636363637
1904-01-01 00:45:02.844992000,200.0
1904-01-01 00:45:03.004992000,200.0
1904-01-01 00:45:03.244992000,200.0
1904-01-01 00:45:03.384992000,200.0
1904-01-01 00:45:03.704992000,187.5
1904-01-01 00:45:04.224992000,115.38461538461539
1904-01-01 00:45:04.504992000,200.0
1904-01-01 00:45:04.744992000,200.0
1904-01-01 00:45:04.844992000,200.0
1904-01-01 00:45:04.904992000,200.0
1904-01-01 00:45:05.244992000,176.47058823529412
1904-01-01 00:45:05.464992000,200.0
1904-01-01 00:45:05.984992000,200.0
1904-01-01 00:45:06.264992000,200.0
1904-01-01 00:45:06.464992000,200.0
1904-01-01 00:45:06.884992000,200.0
1904-01-01 00:45:07.324992000,157.89473684210526
1904-01-01 00:45:07.964992000,120.0
1904-01-01 00:45:08.064991999,200.0
1904-01-01 00:45:08.204992000,200.0
1904-01-01 00:45:08.324992000,200.0
1904-01-01 00:45:08.524992000,200.0
1904-01-01 00:45:08.804992000,200.0
1904-01-01 00:45:08.944992000,200.0
1904-01-01 00:45:09.204992000,200.0
1904-01-01 00:45:09.344992000,200.0
1904-01-01 00:45:09.444992000,200.0
1904-01-01 00:45:09.664992000,200.0
1904-01-01 00:45:09.924992000,200.0
1904-01-01 00:45:10.084992000,200.0
1904-01-01 00:45:10.384992000,200.0
1904-01-01 00:45:10.444992000,200.0
1904-01-01 00:45:10.644992000,200.0
1904-01-01 00:45:10.984992000,176.47058823529412
1904-01-01 00:45:11.684992000,200.0
1904-01-01 00:45:12.024992000,200.0
1904-01-01 00:45:12.124992000,200.0
1904-01-01 00:45:12.304992000,200.0
1904-01-01 00:45:12.504992000,200.0
1904-01-01 00:45:12.584992000,200.0
1904-01-01 00:45:12.664992000,200.0
1904-01-01 00:45:12.724992000,200.0
1904-01-01 00:45:13.064991999,176.47058823529412
1904-01-01 00:45:13.104992000,200.0
1904-01-01 00:45:13.164992000,200.0
1904-01-01 00:45:13.324992000,200.0
1904-01-01 00:45:13.584992000,200.0
1904-01-01 00:45:13.804992000,200.0
1904-01-01 00:45:14.044992000,200.0
1904-01-01 00:45:14.104992000,200.0
1904-01-01 00:45:14.164992000,200.0
1904-01-01 00:45:14.204992000,200.0
1904-01-01 00:45:14.424992000,200.0
1904-01-01 00:45:14.524992000,200.0
1904-01-01 00:45:14.624992000,200.0
1904-01-01 00:45:14.944992000,200.0
1904-01-01 00:45:15.204992000,200.0
1904-01-01 00:45:15.624992000,200.0
1904-01-01 00:45:15.784992000,200.0
1904-01-01 00:45:16.244992000,130.43478260869566
1904-01-01 00:45:16.824992000,200.0
1904-01-01 00:45:16.864992000,200.0
1904-01-01 00:45:16.984992000,200.0
1904-01-01 00:45:17.164992000,200.0
1904-01-01 00:45:17.264992000,200.0
1904-01-01 00:45:17.504992000,200.0
1904-01-01 00:45:17.664992000,200.0
1904-01-01 00:45:17.704992000,200.0
1904-01-01 00:45:18.204992000,120.0
1904-01-01 00:45:18.284992000,200.0
1904-01-01 00:45:18.424992000,200.0
1904-01-01 00:45:18.504992000,200.0
1904-01-01 00:45:18.684992000,200.0
1904-01-01 00:45:18.844992000,200.0
1904-01-01 00:45:19.144992000,200.0
1904-01-01 00:45:19.244992000,200.0
1904-01-01 00:45:19.344992000,200.0
1904-01-01 00:45:19.704992000,166.66666666666666
1904-01-01 00:45:19.824992000,200.0
1904-01-01 00:45:19.944992000,200.0
1904-01-01 00:45:20.284992000,176.47058823529412
1904-01-01 00:45:20.324992000,200.0
1904-01-01 00:45:20.564992000,200.0
1904-01-01 00:45:20.824992000,200.0
1904-01-01 00:45:21.284992000,130.43478260869566
1904-01-01 00:45:21.584992000,200.0
1904-01-01 00:45:21.804992000,200.0
1904-01-01 00:45:21.864992000,200.0
1904-01-01 00:45:21.984992000,200.0
1904-01-01 00:45:22.384992000,200.0
1904-01-01 00:45:22.484992000,200.0
1904-01-01 00:45:22.644992000,200.0
1904-01-01 00:45:22.704992000,200.0
1904-01-01 00:45:22.844992000,200.0
1904-01-01 00:45:22.924992000,200.0
1904-01-01 00:45:23.064991999,200.0
1904-01-01 00:45:23.164992000,200.0
1904-01-01 00:45:23.284992000,200.0
1904-01-01 00:45:23.404992000,200.0
1904-01-01 00:45:23.444992000,200.0
1904-01-01 00:45:23.684992000,200.0
1904-01-01 00:45:23.864992000,200.0
1904-01-01 00:45:23.904992000,200.0
1904-01-01 00:45:24.104992000,200.0
1904-01-01 00:45:24.424992000,187.5
1904-01-01 00:45:24.484992000,200.0
1904-01-01 00:45:24.724992000,200.0
1904-01-01 00:45:24.944992000,200.0
1904-01-01 00:45:25.104992000,200.0
1904-01-01 00:45:25.324992000,200.0
1904-01-01 00:45:25.364992000,200.0
1904-01-01 00:45:25.484992000,200.0
1904-01-01 00:45:25.524992000,200.0
1904-01-01 00:45:25.724992000,200.0
1904-01-01 00:45:25.884992000,200.0
1904-01-01 00:45:25.944992000,200.0
1904-01-01 00:45:26.224992000,200.0
1904-01-01 00:45:26.364992000,200.0
1904-01-01 00:45:26.464992000,200.0
1904-01-01 00:45:26.524992000,200.0
1904-01-01 00:45:26.764992000,200.0
1904-01-01 00:45:26.884992000,200.0
1904-01-01 00:45:26.924992000,200.0
1904-01-01 00:45:27.024992000,200.0
1904-01-01 00:45:27.224992000,200.0
1904-01-01 00:45:27.604992000,200.0
1904-01-01 00:45:28.044992000,200.0
1904-01-01 00:45:28.084992000,200.0
1904-01-01 00:45:28.184992000,200.0
1904-01-01 00:45:28.324992000,200.0
1904-01-01 00:45:28.544992000,200.0
1904-01-01 00:45:28.984992000,136.36363636363637
1904-01-01 00:45:29.044992000,200.0
1904-01-01 00:45:29.244992000,200.0
1904-01-01 00:45:29.444992000,200.0
1904-01-01 00:45:29.684992000,200.0
1904-01-01 00:45:29.984992000,200.0
1904-01-01 00:45:30.064991999,200.0
1904-01-01 00:45:30.184992000,200.0
1904-01-01 00:45:30.224992000,200.0
1904-01-01 00:45:30.364992000,200.0
1904-01-01 00:45:30.584992000,200.0
1904-01-01 00:45:31.604992000,200.0
1904-01-01 00:45:31.684992000,200.0
1904-01-01 00:45:31.764992000,200.0
1904-01-01 00:45:32.024992000,200.0
1904-01-01 00:45:32.144992000,200.0
1904-01-01 00:45:32.224992000,200.0
1904-01-01 00:45:32.264992000,200.0
1904-01-01 00:45:32.344992000,200.0
1904-01-01 00:45:32.464992000,200.0
1904-01-01 00:45:32.684992000,200.0
1904-01-01 00:45:32.864992000,200.0
1904-01-01 00:45:33.004992000,200.0
1904-01-01 00:45:33.044992000,200.0
1904-01-01 00:45:33.144992000,200.0
1904-01-01 00:45:33.264992000,200.0
1904-01-01 00:45:33.364992000,200.0
1904-01-01 00:45:33.524992000,200.0
1904-01-01 00:45:33.604992000,200.0
1904-01-01 00:45:33.664992000,200.0
1904-01-01 00:45:33.884992000,200.0
1904-01-01 00:45:34.084992000,200.0
1904-01-01 00:45:34.264992000,200.0
1904-01-01 00:45:34.384992000,200.0
1904-01-01 00:45:34.604992000,200.0
1904-01-01 00:45:34.744992000,200.0
1904-01-01 00:45:35.044992000,200.0
1904-01-01 00:45:35.084992000,200.0
1904-01-01 00:45:35.124992000,200.0
1904-01-01 00:45:35.324992000,200.0
1904-01-01 00:45:35.504992000,200.0
1904-01-01 00:45:35.684992000,200.0
1904-01-01 00:45:35.944992000,200.0
1904-01-01 00:45:36.124992000,200.0
1904-01-01 00:45:36.444992000,200.0
1904-01-01 00:45:36.744992000,200.0
1904-01-01 00:45:37.144992000,200.0
1904-01-01 00:45:37.324992000,200.0
1904-01-01 00:45:37.484992000,200.0
1904-01-01 00:45:37.644992000,200.0
1904-01-01 00:45:38.124992000,125.0
1904-01-01 00:45:38.184992000,200.0
1904-01-01 00:45:38.364992000,200.0
1904-01-01 00:45:39.124992000,200.0
1904-01-01 00:45:39.324992000,200.0
1904-01-01 00:45:40.084992000,200.0
1904-01-01 00:45:40.184992000,200.0
1904-01-01 00:45:40.364992000,200.0
1904-01-01 00:45:40.444992000,200.0
1904-01-01 00:45:40.564992000,200.0
1904-01-01 00:45:40.744992000,200.0
1904-01-01 00:45:40.804992000,200.0
1904-01-01 00:45:41.184992000,157.89473684210526
1904-01-01 00:45:41.584992000,200.0
1904-01-01 00:45:41.804992000,200.0
1904-01-01 00:45:42.184992000,200.0
1904-01-01 00:45:42.344992000,200.0
1904-01-01 00:45:42.544992000,200.0
1904-01-01 00:45:43.044992000,120.0
1904-01-01 00:45:43.144992000,200.0
1904-01-01 00:45:43.224992000,200.0
1904-01-01 00:45:43.264992000,200.0
1904-01-01 00:45:43.384992000,200.0
1904-01-01 00:45:43.504992000,200.0
1904-01-01 00:45:43.824992000,187.5
1904-01-01 00:45:44.004992000,200.0
1904-01-01 00:45:44.284992000,200.0
1904-01-01 00:45:44.384992000,200.0
1904-01-01 00:45:44.524992000,200.0
1904-01-01 00:45:44.764992000,200.0
1904-01-01 00:45:44.904992000,200.0
1904-01-01 00:45:45.244992000,176.47058823529412
1904-01-01 00:45:45.324992000,200.0
1904-01-01 00:45:45.524992000,200.0
1904-01-01 00:45:45.564992000,200.0
1904-01-01 00:45:45.704992000,200.0
1904-01-01 00:45:45.844992000,200.0
1904-01-01 00:45:46.084992000,200.0
1904-01-01 00:45:46.224992000,200.0
1904-01-01 00:45:46.484992000,200.0
1904-01-01 00:45:46.824992000,176.47058823529412
1904-01-01 00:45:47.004992000,200.0
1904-01-01 00:45:47.124992000,200.0
1904-01-01 00:45:47.284992000,200.0
1904-01-01 00:45:47.584992000,200.0
1904-01-01 00:45:47.764992000,200.0
1904-01-01 00:45:47.964992000,200.0
1904-01-01 00:45:48.484992000,200.0
1904-01-01 00:45:48.764992000,200.0
1904-01-01 00:45:48.904992000,200.0
1904-01-01 00:45:48.984992000,200.0
1904-01-01 00:45:49.164992000,200.0
1904-01-01 00:45:49.224992000,200.0
1904-01-01 00:45:49.344992000,200.0
1904-01-01 00:45:49.384992000,200.0
1904-01-01 00:45:49.604992000,200.0
1904-01-01 00:45:49.984992000,200.0
1904-01-01 00:45:50.324992000,176.47058823529412
1904-01-01 00:45:50.724992000,200.0
1904-01-01 00:45:50.924992000,200.0
1904-01-01 00:45:50.964992000,200.0
1904-01-01 00:45:51.044992000,200.0
1904-01-01 00:45:51.344992000,200.0
1904-01-01 00:45:51.384992000,200.0
1904-01-01 00:45:51.544992000,200.0
1904-01-01 00:45:52.044992000,200.0
1904-01-01 00:45:52.224992000,200.0
1904-01-01 00:45:52.444992000,200.0
1904-01-01 00:45:52.484992000,200.0
1904-01-01 00:45:52.624992000,200.0
1904-01-01 00:45:52.984992000,166.66666666666666
1904-01-01 00:45:53.444992000,130.43478260869566
1904-01-01 00:45:53.624992000,200.0
1904-01-01 00:45:53.864992000,200.0
1904-01-01 00:45:53.944992000,200.0
1904-01-01 00:45:54.024992000,200.0
1904-01-01 00:45:54.064991999,200.0
1904-01-01 00:45:54.464992000,150.0
1904-01-01 00:45:54.964992000,200.0
1904-01-01 00:45:55.004992000,200.0
1904-01-01 00:45:55.064991999,200.0
1904-01-01 00:45:55.124992000,200.0
1904-01-01 00:45:55.244992000,200.0
1904-01-01 00:45:55.424992000,200.0
1904-01-01 00:45:55.524992000,200.0
1904-01-01 00:45:55.644992000,200.0
1904-01-01 00:45:55.684992000,200.0
1904-01-01 00:45:55.984992000,200.0
1904-01-01 00:45:56.484992000,157.89473684210526
1904-01-01 00:45:56.584992000,200.0
1904-01-01 00:45:57.084992000,187.5
1904-01-01 00:45:57.164992000,200.0
1904-01-01 00:45:57.384992000,200.0
1904-01-01 00:45:57.504992000,200.0
1904-01-01 00:45:57.564992000,200.0
1904-01-01 00:45:57.744992000,200.0
1904-01-01 00:45:58.624992000,157.89473684210526
1904-01-01 00:45:58.664992000,200.0
1904-01-01 00:45:59.004992000,176.47058823529412
1904-01-01 00:45:59.184992000,200.0
1904-01-01 00:45:59.244992000,200.0
1904-01-01 00:45:59.564992000,187.5
1904-01-01 00:45:59.804992000,200.0
1904-01-01 00:46:00.464992000,115.38461538461539
1904-01-01 00:46:00.824992000,200.0
1904-01-01 00:46:01.084992000,200.0
1904-01-01 00:46:01.224992000,200.0
1904-01-01 00:46:01.724992000,200.0
1904-01-01 00:46:01.944992000,200.0
1904-01-01 00:46:02.264992000,200.0
1904-01-01 00:46:02.684992000,142.85714285714286
1904-01-01 00:46:02.904992000,200.0
1904-01-01 00:46:03.144992000,200.0
1904-01-01 00:46:03.284992000,200.0
1904-01-01 00:46:03.444992000,200.0
1904-01-01 00:46:03.764992000,187.5
1904-01-01 00:46:04.284992000,200.0
1904-01-01 00:46:04.384992000,200.0
1904-01-01 00:46:04.744992000,166.66666666666666
1904-01-01 00:46:05.204992000,200.0
1904-01-01 00:46:05.304992000,200.0
1904-01-01 00:46:05.344992000,200.0
1904-01-01 00:46:05.424992000,200.0
1904-01-01 00:46:05.784992000,166.66666666666666
1904-01-01 00:46:05.824992000,200.0
1904-01-01 00:46:05.944992000,200.0
1904-01-01 00:46:06.044992000,200.0
1904-01-01 00:46:06.224992000,200.0
1904-01-01 00:46:06.364992000,200.0
1904-01-01 00:46:06.764992000,200.0
1904-01-01 00:46:06.924992000,200.0
1904-01-01 00:46:07.104992000,200.0
1904-01-01 00:46:07.324992000,200.0
1904-01-01 00:46:07.364992000,200.0
1904-01-01 00:46:07.404992000,200.0
1904-01-01 00:46:07.464992000,200.0
1904-01-01 00:46:07.644992000,200.0
1904-01-01 00:46:07.804992000,200.0
1904-01-01 00:46:07.844992000,200.0
1904-01-01 00:46:07.924992000,200.0
1904-01-01 00:46:08.104992000,200.0
1904-01-01 00:46:08.564992000,200.0
1904-01-01 00:46:08.844992000,200.0
1904-01-01 00:46:09.124992000,200.0
1904-01-01 00:46:09.304992000,200.0
1904-01-01 00:46:09.424992000,200.0
1904-01-01 00:46:09.544992000,200.0
1904-01-01 00:46:09.664992000,200.0
1904-01-01 00:46:09.844992000,200.0
1904-01-01 00:46:09.924992000,200.0
1904-01-01 00:46:10.044992000,200.0
1904-01-01 00:46:10.144992000,200.0
1904-01-01 00:46:10.324992000,200.0
1904-01-01 00:46:10.464992000,200.0
1904-01-01 00:46:10.724992000,200.0
1904-01-01 00:46:10.764992000,200.0
1904-01-01 00:46:10.844992000,200.0
1904-01-01 00:46:10.904992000,200.0
1904-01-01 00:46:10.984992000,200.0
1904-01-01 00:46:11.124992000,200.0
1904-01-01 00:46:11.264992000,200.0
1904-01-01 00:46:11.364992000,200.0
1904-01-01 00:46:11.484992000,200.0
1904-01-01 00:46:11.544992000,200.0
1904-01-01 00:46:11.764992000,200.0
1904-01-01 00:46:11.944992000,200.0
1904-01-01 00:46:12.164992000,200.0
1904-01-01 00:46:12.244992000,200.0
1904-01-01 00:46:12.384992000,200.0
1904-01-01 00:46:12.564992000,200.0
1904-01-01 00:46:12.604992000,200.0
1904-01-01 00:46:12.764992000,200.0
1904-01-01 00:46:12.964992000,200.0
1904-01-01 00:46:13.244992000,200.0
1904-01-01 00:46:13.364992000,200.0
1904-01-01 00:46:13.404992000,200.0
1904-01-01 00:46:13.564992000,200.0
1904-01-01 00:46:13.704992000,200.0
1904-01-01 00:46:13.944992000,200.0
1904-01-01 00:46:14.064991999,200.0
1904-01-01 00:46:14.424992000,200.0
1904-01-01 00:46:14.604992000,200.0
1904-01-01 00:46:14.964992000,200.0
1904-01-01 00:46:15.124992000,200.0
1904-01-01 00:46:15.244992000,200.0
1904-01-01 00:46:15.544992000,200.0
1904-01-01 00:46:15.624992000,200.0
1904-01-01 00:46:16.044992000,142.85714285714286
1904-01-01 00:46:16.104992000,200.0
1904-01-01 00:46:16.464992000,200.0
1904-01-01 00:46:16.604992000,200.0
1904-01-01 00:46:16.644992000,200.0
1904-01-01 00:46:17.044992000,150.0
1904-01-01 00:46:17.104992000,200.0
1904-01-01 00:46:17.244992000,200.0
1904-01-01 00:46:17.604992000,166.66666666666666
1904-01-01 00:46:18.024992000,200.0
1904-01-01 00:46:18.264992000,200.0
1904-01-01 00:46:18.484992000,200.0
1904-01-01 00:46:18.564992000,200.0
1904-01-01 00:46:18.604992000,200.0
1904-01-01 00:46:18.664992000,200.0
1904-01-01 00:46:18.764992000,200.0
1904-01-01 00:46:19.124992000,166.66666666666666
1904-01-01 00:46:19.264992000,200.0
1904-01-01 00:46:19.324992000,200.0
1904-01-01 00:46:19.464992000,200.0
1904-01-01 00:46:19.644992000,200.0
1904-01-01 00:46:19.744992000,200.0
1904-01-01 00:46:20.104992000,166.66666666666666
1904-01-01 00:46:20.184992000,200.0
1904-01-01 00:46:20.924992000,200.0
1904-01-01 00:46:21.284992000,166.66666666666666
1904-01-01 00:46:21.524992000,200.0
1904-01-01 00:46:21.564992000,200.0
1904-01-01 00:46:21.664992000,200.0
1904-01-01 00:46:21.804992000,200.0
1904-01-01 00:46:21.864992000,200.0
1904-01-01 00:46:21.944992000,200.0
1904-01-01 00:46:22.224992000,200.0
1904-01-01 00:46:22.384992000,200.0
1904-01-01 00:46:22.424992000,200.0
1904-01-01 00:46:22.564992000,200.0
1904-01-01 00:46:22.744992000,200.0
1904-01-01 00:46:23.244992000,200.0
1904-01-01 00:46:23.344992000,200.0
1904-01-01 00:46:23.484992000,200.0
1904-01-01 00:46:23.564992000,200.0
1904-01-01 00:46:23.784992000,200.0
1904-01-01 00:46:24.064991999,200.0
1904-01-01 00:46:24.104992000,200.0
1904-01-01 00:46:24.224992000,200.0
1904-01-01 00:46:24.324992000,200.0
1904-01-01 00:46:24.584992000,200.0
1904-01-01 00:46:24.864992000,200.0
1904-01-01 00:46:25.324992000,130.43478260869566
1904-01-01 00:46:25.584992000,200.0
1904-01-01 00:46:25.844992000,200.0
1904-01-01 00:46:25.904992000,200.0
1904-01-01 00:46:26.084992000,200.0
1904-01-01 00:46:26.284992000,200.0
1904-01-01 00:46:26.384992000,200.0
1904-01-01 00:46:26.544992000,200.0
1904-01-01 00:46:26.944992000,200.0
1904-01-01 00:46:27.344992000,150.0
1904-01-01 00:46:27.384992000,200.0
1904-01-01 00:46:27.544992000,200.0
1904-01-01 00:46:27.584992000,200.0
1904-01-01 00:46:27.824992000,200.0
1904-01-01 00:46:27.864992000,200.0
1904-01-01 00:46:28.364992000,120.0
1904-01-01 00:46:28.564992000,200.0
1904-01-01 00:46:28.624992000,200.0
1904-01-01 00:46:28.684992000,200.0
1904-01-01 00:46:28.904992000,200.0
1904-01-01 00:46:29.164992000,200.0
1904-01-01 00:46:29.444992000,200.0
1904-01-01 00:46:29.744992000,200.0
1904-01-01 00:46:30.304992000,166.66666666666666
1904-01-01 00:46:30.364992000,200.0
1904-01-01 00:46:30.404992000,200.0
1904-01-01 00:46:30.504992000,200.0
1904-01-01 00:46:30.564992000,200.0
1904-01-01 00:46:30.884992000,187.5
1904-01-01 00:46:30.944992000,200.0
1904-01-01 00:46:31.344992000,150.0
1904-01-01 00:46:31.384992000,200.0
1904-01-01 00:46:31.504992000,200.0
1904-01-01 00:46:31.664992000,200.0
1904-01-01 00:46:31.964992000,200.0
1904-01-01 00:46:32.004992000,200.0
1904-01-01 00:46:32.164992000,200.0
1904-01-01 00:46:32.364992000,200.0
1904-01-01 00:46:32.624992000,200.0
1904-01-01 00:46:32.724992000,200.0
1904-01-01 00:46:32.944992000,200.0
1904-01-01 00:46:33.184992000,200.0
1904-01-01 00:46:33.384992000,200.0
1904-01-01 00:46:33.584992000,200.0
1904-01-01 00:46:33.764992000,200.0
1904-01-01 00:46:33.804992000,200.0
1904-01-01 00:46:33.884992000,200.0
1904-01-01 00:46:33.944992000,200.0
1904-01-01 00:46:34.004992000,200.0
1904-01-01 00:46:34.184992000,200.0
1904-01-01 00:46:34.364992000,200.0
1904-01-01 00:46:34.684992000,187.5
1904-01-01 00:46:34.924992000,200.0
1904-01-01 00:46:35.164992000,200.0
1904-01-01 00:46:35.204992000,200.0
1904-01-01 00:46:35.344992000,200.0
1904-01-01 00:46:35.404992000,200.0
1904-01-01 00:46:35.484992000,200.0
1904-01-01 00:46:35.564992000,200.0
1904-01-01 00:46:35.664992000,200.0
1904-01-01 00:46:35.944992000,200.0
1904-01-01 00:46:36.164992000,200.0
1904-01-01 00:46:36.304992000,200.0
1904-01-01 00:46:36.504992000,200.0
1904-01-01 00:46:36.564992000,200.0
1904-01-01 00:46:36.824992000,200.0
1904-01-01 00:46:37.124992000,200.0
1904-01-01 00:46:37.344992000,200.0
1904-01-01 00:46:37.564992000,200.0
1904-01-01 00:46:37.644992000,200.0
1904-01-01 00:46:37.844992000,200.0
1904-01-01 00:46:37.944992000,200.0
1904-01-01 00:46:38.404992000,200.0
1904-01-01 00:46:38.504992000,200.0
1904-01-01 00:46:38.584992000,200.0
1904-01-01 00:46:38.884992000,200.0
1904-01-01 00:46:39.164992000,200.0
1904-01-01 00:46:39.404992000,200.0
1904-01-01 00:46:39.864992000,130.43478260869566
1904-01-01 00:46:40.044992000,200.0
1904-01-01 00:46:40.204992000,200.0
1904-01-01 00:46:40.424992000,200.0
1904-01-01 00:46:40.564992000,200.0
1904-01-01 00:46:40.644992000,200.0
1904-01-01 00:46:40.764992000,200.0
1904-01-01 00:46:40.844992000,200.0
1904-01-01 00:46:40.924992000,200.0
1904-01-01 00:46:41.004992000,200.0
1904-01-01 00:46:41.344992000,176.47058823529412
1904-01-01 00:46:41.404992000,200.0
1904-01-01 00:46:41.784992000,200.0
1904-01-01 00:46:41.924992000,200.0
1904-01-01 00:46:42.144992000,200.0
1904-01-01 00:46:42.244992000,200.0
1904-01-01 00:46:42.404992000,200.0
1904-01-01 00:46:42.944992000,111.11111111111111
1904-01-01 00:46:43.644992000,200.0
1904-01-01 00:46:43.704992000,200.0
1904-01-01 00:46:43.884992000,200.0
1904-01-01 00:46:44.184992000,200.0
1904-01-01 00:46:44.444992000,200.0
1904-01-01 00:46:44.544992000,200.0
1904-01-01 00:46:44.604992000,200.0
1904-01-01 00:46:44.904992000,200.0
1904-01-01 00:46:45.004992000,200.0
1904-01-01 00:46:45.184992000,200.0
1904-01-01 00:46:45.404992000,200.0
1904-01-01 00:46:45.524992000,200.0
1904-01-01 00:46:45.764992000,200.0
1904-01-01 00:46:45.984992000,200.0
1904-01-01 00:46:46.364992000,157.89473684210526
1904-01-01 00:46:46.504992000,200.0
1904-01-01 00:46:46.584992000,200.0
1904-01-01 00:46:46.664992000,200.0
1904-01-01 00:46:46.884992000,200.0
1904-01-01 00:46:46.964992000,200.0
1904-01-01 00:46:47.004992000,200.0
1904-01-01 00:46:47.404992000,150.0
1904-01-01 00:46:47.524992000,200.0
1904-01-01 00:46:47.644992000,200.0
1904-01-01 00:46:47.884992000,200.0
1904-01-01 00:46:47.964992000,200.0
1904-01-01 00:46:48.144992000,200.0
1904-01-01 00:46:48.404992000,200.0
1904-01-01 00:46:48.544992000,200.0
1904-01-01 00:46:48.624992000,200.0
1904-01-01 00:46:48.744992000,200.0
1904-01-01 00:46:48.884992000,200.0
1904-01-01 00:46:48.984992000,200.0
1904-01-01 00:46:49.384992000,150.0
1904-01-01 00:46:50.184992000,200.0
1904-01-01 00:46:50.364992000,200.0
1904-01-01 00:46:50.604992000,200.0
1904-01-01 00:46:50.884992000,200.0
1904-01-01 00:46:50.964992000,200.0
1904-01-01 00:46:51.104992000,200.0
1904-01-01 00:46:51.344992000,200.0
1904-01-01 00:46:51.384992000,200.0
1904-01-01 00:46:51.484992000,200.0
1904-01-01 00:46:51.604992000,200.0
1904-01-01 00:46:51.844992000,200.0
1904-01-01 00:46:51.944992000,200.0
1904-01-01 00:46:52.164992000,200.0
1904-01-01 00:46:52.364992000,200.0
1904-01-01 00:46:53.024992000,200.0
1904-01-01 00:46:53.304992000,200.0
1904-01-01 00:46:53.644992000,176.47058823529412
1904-01-01 00:46:53.884992000,200.0
1904-01-01 00:46:54.024992000,200.0
1904-01-01 00:46:54.604992000,200.0
1904-01-01 00:46:54.904992000,200.0
1904-01-01 00:46:55.404992000,120.0
1904-01-01 00:46:55.444992000,200.0
1904-01-01 00:46:55.504992000,200.0
1904-01-01 00:46:55.584992000,200.0
1904-01-01 00:46:55.944992000,166.66666666666666
1904-01-01 00:46:56.224992000,200.0
1904-01-01 00:46:56.424992000,200.0
1904-01-01 00:46:56.504992000,200.0
1904-01-01 00:46:56.584992000,200.0
1904-01-01 00:46:56.684992000,200.0
1904-01-01 00:46:56.824992000,200.0
1904-01-01 00:46:56.944992000,200.0
1904-01-01 00:46:57.224992000,200.0
1904-01-01 00:46:57.424992000,200.0
1904-01-01 00:46:57.584992000,200.0
1904-01-01 00:46:57.704992000,200.0
1904-01-01 00:46:57.964992000,200.0
1904-01-01 00:46:58.224992000,200.0
1904-01-01 00:46:58.404992000,200.0
1904-01-01 00:46:58.444992000,200.0
1904-01-01 00:46:58.564992000,200.0
1904-01-01 00:46:59.164992000,200.0
1904-01-01 00:46:59.904992000,200.0
1904-01-01 00:47:00.384992000,125.0
1904-01-01 00:47:00.924992000,200.0
1904-01-01 00:47:01.024992000,200.0
1904-01-01 00:47:01.204992000,200.0
1904-01-01 00:47:01.364992000,200.0
1904-01-01 00:47:01.624992000,200.0
1904-01-01 00:47:01.944992000,200.0
1904-01-01 00:47:02.004992000,200.0
1904-01-01 00:47:02.084992000,200.0
1904-01-01 00:47:02.444992000,166.66666666666666
1904-01-01 00:47:02.664992000,200.0
1904-01-01 00:47:02.804992000,200.0
1904-01-01 00:47:02.984992000,200.0
1904-01-01 00:47:03.044992000,200.0
1904-01-01 00:47:03.264992000,200.0
1904-01-01 00:47:03.484992000,200.0
1904-01-01 00:47:03.544992000,200.0
1904-01-01 00:47:03.724992000,200.0
1904-01-01 00:47:03.844992000,200.0
1904-01-01 00:47:04.104992000,200.0
1904-01-01 00:47:04.284992000,200.0
1904-01-01 00:47:04.364992000,200.0
1904-01-01 00:47:04.564992000,200.0
1904-01-01 00:47:05.004992000,200.0
1904-01-01 00:47:05.144992000,200.0
1904-01-01 00:47:05.744992000,200.0
1904-01-01 00:47:06.144992000,150.0
1904-01-01 00:47:06.244992000,200.0
1904-01-01 00:47:06.404992000,200.0
1904-01-01 00:47:06.604992000,200.0
1904-01-01 00:47:06.824992000,200.0
1904-01-01 00:47:06.924992000,200.0
1904-01-01 00:47:07.044992000,200.0
1904-01-01 00:47:07.124992000,200.0
1904-01-01 00:47:07.224992000,200.0
1904-01-01 00:47:07.424992000,200.0
1904-01-01 00:47:07.664992000,200.0
1904-01-01 00:47:07.784992000,200.0
1904-01-01 00:47:07.824992000,200.0
1904-01-01 00:47:07.944992000,200.0
1904-01-01 00:47:08.204992000,200.0
1904-01-01 00:47:08.504992000,200.0
1904-01-01 00:47:08.664992000,200.0
1904-01-01 00:47:08.864992000,200.0
1904-01-01 00:47:09.164992000,200.0
1904-01-01 00:47:09.264992000,200.0
1904-01-01 00:47:09.524992000,200.0
1904-01-01 00:47:09.664992000,200.0
1904-01-01 00:47:09.764992000,200.0
1904-01-01 00:47:09.844992000,200.0
1904-01-01 00:47:09.944992000,200.0
1904-01-01 00:47:10.124992000,200.0
1904-01-01 00:47:10.624992000,120.0
1904-01-01 00:47:10.684992000,200.0
1904-01-01 00:47:10.824992000,200.0
1904-01-01 00:47:11.284992000,200.0
1904-01-01 00:47:11.544992000,200.0
1904-01-01 00:47:11.724992000,200.0
1904-01-01 00:47:11.924992000,200.0
1904-01-01 00:47:11.984992000,200.0
1904-01-01 00:47:12.264992000,200.0
1904-01-01 00:47:12.744992000,125.0
1904-01-01 00:47:12.804992000,200.0
1904-01-01 00:47:12.984992000,200.0
1904-01-01 00:47:13.104992000,200.0
1904-01-01 00:47:13.324992000,200.0
1904-01-01 00:47:13.384992000,200.0
1904-01-01 00:47:13.564992000,200.0
1904-01-01 00:47:13.704992000,200.0
1904-01-01 00:47:13.784992000,200.0
1904-01-01 00:47:14.364992000,103.44827586206897
1904-01-01 00:47:14.444992000,200.0
1904-01-01 00:47:14.824992000,157.89473684210526
1904-01-01 00:47:14.904992000,200.0
1904-01-01 00:47:14.964992000,200.0
1904-01-01 00:47:15.004992000,200.0
1904-01-01 00:47:15.384992000,157.89473684210526
1904-01-01 00:47:15.944992000,200.0
1904-01-01 00:47:16.004992000,200.0
1904-01-01 00:47:16.264992000,200.0
1904-01-01 00:47:16.344992000,200.0
1904-01-01 00:47:16.604992000,200.0
1904-01-01 00:47:16.844992000,200.0
1904-01-01 00:47:17.004992000,200.0
1904-01-01 00:47:17.164992000,200.0
1904-01-01 00:47:17.344992000,200.0
1904-01-01 00:47:17.464992000,200.0
1904-01-01 00:47:17.864992000,150.0
1904-01-01 00:47:18.084992000,200.0
1904-01-01 00:47:18.444992000,166.66666666666666
1904-01-01 00:47:18.684992000,200.0
1904-01-01 00:47:18.824992000,200.0
1904-01-01 00:47:18.864992000,200.0
1904-01-01 00:47:18.924992000,200.0
1904-01-01 00:47:19.044992000,200.0
1904-01-01 00:47:19.144992000,200.0
1904-01-01 00:47:19.404992000,200.0
1904-01-01 00:47:19.724992000,200.0
1904-01-01 00:47:19.764992000,200.0
1904-01-01 00:47:19.944992000,200.0
1904-01-01 00:47:20.304992000,200.0
1904-01-01 00:47:20.364992000,200.0
1904-01-01 00:47:20.524992000,200.0
1904-01-01 00:47:20.944992000,142.85714285714286
1904-01-01 00:47:20.984992000,200.0
1904-01-01 00:47:21.044992000,200.0
1904-01-01 00:47:21.124992000,200.0
1904-01-01 00:47:21.564992000,200.0
1904-01-01 00:47:21.624992000,200.0
1904-01-01 00:47:21.784992000,200.0
1904-01-01 00:47:21.944992000,200.0
1904-01-01 00:47:22.024992000,200.0
1904-01-01 00:47:22.184992000,200.0
1904-01-01 00:47:22.524992000,176.47058823529412
1904-01-01 00:47:23.804992000,200.0
1904-01-01 00:47:24.004992000,200.0
1904-01-01 00:47:24.624992000,125.0
1904-01-01 00:47:24.764992000,200.0
1904-01-01 00:47:25.004992000,200.0
1904-01-01 00:47:25.084992000,200.0
1904-01-01 00:47:25.244992000,200.0
1904-01-01 00:47:25.484992000,200.0
1904-01-01 00:47:25.884992000,200.0
1904-01-01 00:47:26.044992000,200.0
1904-01-01 00:47:26.204992000,200.0
1904-01-01 00:47:26.584992000,200.0
1904-01-01 00:47:26.784992000,200.0
1904-01-01 00:47:26.944992000,200.0
1904-01-01 00:47:27.024992000,200.0
1904-01-01 00:47:27.064991999,200.0
1904-01-01 00:47:27.324992000,200.0
1904-01-01 00:47:27.524992000,200.0
1904-01-01 00:47:27.684992000,200.0
1904-01-01 00:47:28.104992000,142.85714285714286
1904-01-01 00:47:28.244992000,200.0
1904-01-01 00:47:28.404992000,200.0
1904-01-01 00:47:28.764992000,166.66666666666666
1904-01-01 00:47:29.104992000,176.47058823529412
1904-01-01 00:47:29.404992000,200.0
1904-01-01 00:47:29.564992000,200.0
1904-01-01 00:47:29.704992000,200.0
1904-01-01 00:47:29.844992000,200.0
1904-01-01 00:47:30.084992000,200.0
1904-01-01 00:47:30.124992000,200.0
1904-01-01 00:47:30.544992000,142.85714285714286
1904-01-01 00:47:31.104992000,157.89473684210526
1904-01-01 00:47:31.144992000,200.0
1904-01-01 00:47:31.284992000,200.0
1904-01-01 00:47:31.344992000,200.0
1904-01-01 00:47:31.404992000,200.0
1904-01-01 00:47:31.664992000,200.0
1904-01-01 00:47:31.744992000,200.0
1904-01-01 00:47:31.984992000,200.0
1904-01-01 00:47:32.104992000,200.0
1904-01-01 00:47:32.304992000,200.0
1904-01-01 00:47:32.344992000,200.0
1904-01-01 00:47:32.704992000,166.66666666666666
1904-01-01 00:47:33.364992000,200.0
1904-01-01 00:47:33.424992000,200.0
1904-01-01 00:47:33.684992000,200.0
1904-01-01 00:47:33.744992000,200.0
1904-01-01 00:47:34.004992000,200.0
1904-01-01 00:47:34.144992000,200.0
1904-01-01 00:47:34.264992000,200.0
1904-01-01 00:47:34.384992000,200.0
1904-01-01 00:47:34.464992000,200.0
1904-01-01 00:47:34.844992000,157.89473684210526
1904-01-01 00:47:35.164992000,200.0
1904-01-01 00:47:35.224992000,200.0
1904-01-01 00:47:35.564992000,176.47058823529412
1904-01-01 00:47:36.044992000,187.5
1904-01-01 00:47:36.284992000,200.0
1904-01-01 00:47:36.424992000,200.0
1904-01-01 00:47:36.564992000,200.0
1904-01-01 00:47:36.664992000,200.0
1904-01-01 00:47:37.004992000,176.47058823529412
1904-01-01 00:47:37.264992000,200.0
1904-01-01 00:47:37.904992000,200.0
1904-01-01 00:47:38.224992000,187.5
1904-01-01 00:47:38.444992000,200.0
1904-01-01 00:47:38.684992000,200.0
1904-01-01 00:47:38.784992000,200.0
1904-01-01 00:47:39.164992000,157.89473684210526
1904-01-01 00:47:39.304992000,200.0
1904-01-01 00:47:39.864992000,107.14285714285714
1904-01-01 00:47:40.344992000,200.0
1904-01-01 00:47:40.464992000,200.0
1904-01-01 00:47:40.564992000,200.0
1904-01-01 00:47:40.904992000,200.0
1904-01-01 00:47:40.944992000,200.0
1904-01-01 00:47:41.264992000,187.5
1904-01-01 00:47:41.844992000,166.66666666666666
1904-01-01 00:47:41.984992000,200.0
1904-01-01 00:47:42.344992000,166.66666666666666
1904-01-01 00:47:42.524992000,200.0
1904-01-01 00:47:42.924992000,200.0
1904-01-01 00:47:43.364992000,136.36363636363637
1904-01-01 00:47:43.624992000,200.0
1904-01-01 00:47:43.684992000,200.0
1904-01-01 00:47:43.944992000,200.0
1904-01-01 00:47:44.384992000,187.5
1904-01-01 00:47:44.424992000,200.0
1904-01-01 00:47:44.764992000,176.47058823529412
1904-01-01 00:47:45.224992000,130.43478260869566
1904-01-01 00:47:45.404992000,200.0
1904-01-01 00:47:45.464992000,200.0
1904-01-01 00:47:45.544992000,200.0
1904-01-01 00:47:45.824992000,200.0
1904-01-01 00:47:45.984992000,200.0
1904-01-01 00:47:46.044992000,200.0
1904-01-01 00:47:46.184992000,200.0
1904-01-01 00:47:46.424992000,200.0
1904-01-01 00:47:46.644992000,200.0
1904-01-01 00:47:46.744992000,200.0
1904-01-01 00:47:46.904992000,200.0
1904-01-01 00:47:46.984992000,200.0
1904-01-01 00:47:47.044992000,200.0
1904-01-01 00:47:47.464992000,142.85714285714286
1904-01-01 00:47:48.504992000,200.0
1904-01-01 00:47:48.684992000,200.0
1904-01-01 00:47:48.924992000,200.0
1904-01-01 00:47:49.084992000,200.0
1904-01-01 00:47:49.324992000,200.0
1904-01-01 00:47:49.504992000,200.0
1904-01-01 00:47:49.704992000,200.0
1904-01-01 00:47:49.824992000,200.0
1904-01-01 00:47:50.044992000,200.0
1904-01-01 00:47:50.104992000,200.0
1904-01-01 00:47:50.344992000,200.0
1904-01-01 00:47:50.544992000,200.0
1904-01-01 00:47:51.104992000,150.0
1904-01-01 00:47:51.284992000,200.0
1904-01-01 00:47:51.644992000,200.0
1904-01-01 00:47:51.744992000,200.0
1904-01-01 00:47:51.804992000,200.0
1904-01-01 00:47:52.024992000,200.0
1904-01-01 00:47:52.124992000,200.0
1904-01-01 00:47:52.324992000,200.0
1904-01-01 00:47:52.504992000,200.0
1904-01-01 00:47:52.564992000,200.0
1904-01-01 00:47:52.704992000,200.0
1904-01-01 00:47:52.764992000,200.0
1904-01-01 00:47:53.144992000,157.89473684210526
1904-01-01 00:47:53.344992000,200.0
1904-01-01 00:47:53.524992000,200.0
1904-01-01 00:47:53.564992000,200.0
1904-01-01 00:47:53.724992000,200.0
1904-01-01 00:47:54.084992000,166.66666666666666
1904-01-01 00:47:54.224992000,200.0
1904-01-01 00:47:54.524992000,200.0
1904-01-01 00:47:54.704992000,200.0
1904-01-01 00:47:54.964992000,200.0
1904-01-01 00:47:55.164992000,200.0
1904-01-01 00:47:55.404992000,200.0
1904-01-01 00:47:55.804992000,150.0
1904-01-01 00:47:55.944992000,200.0
1904-01-01 00:47:56.284992000,200.0
1904-01-01 00:47:56.444992000,200.0
1904-01-01 00:47:56.704992000,200.0
1904-01-01 00:47:56.864992000,200.0
1904-01-01 00:47:57.164992000,200.0
1904-01-01 00:47:57.744992000,150.0
1904-01-01 00:47:57.924992000,200.0
1904-01-01 00:47:58.064991999,200.0
1904-01-01 00:47:58.204992000,200.0
1904-01-01 00:47:58.304992000,200.0
1904-01-01 00:47:58.384992000,200.0
1904-01-01 00:47:58.544992000,200.0
1904-01-01 00:47:58.664992000,200.0
1904-01-01 00:47:58.764992000,200.0
1904-01-01 00:47:58.884992000,200.0
1904-01-01 00:47:59.104992000,200.0
1904-01-01 00:47:59.264992000,200.0
1904-01-01 00:47:59.344992000,200.0
1904-01-01 00:47:59.404992000,200.0
1904-01-01 00:47:59.764992000,166.66666666666666
1904-01-01 00:47:59.944992000,200.0
1904-01-01 00:48:00.904992000,200.0
1904-01-01 00:48:01.444992000,111.11111111111111
1904-01-01 00:48:01.884992000,200.0
1904-01-01 00:48:01.924992000,200.0
1904-01-01 00:48:02.084992000,200.0
1904-01-01 00:48:02.524992000,200.0
1904-01-01 00:48:02.744992000,200.0
1904-01-01 00:48:02.904992000,200.0
1904-01-01 00:48:03.044992000,200.0
1904-01-01 00:48:03.164992000,200.0
1904-01-01 00:48:03.464992000,200.0
1904-01-01 00:48:03.544992000,200.0
1904-01-01 00:48:03.604992000,200.0
1904-01-01 00:48:03.784992000,200.0
1904-01-01 00:48:03.924992000,200.0
1904-01-01 00:48:03.964992000,200.0
1904-01-01 00:48:04.164992000,200.0
1904-01-01 00:48:04.344992000,200.0
1904-01-01 00:48:04.524992000,200.0
1904-01-01 00:48:04.684992000,200.0
1904-01-01 00:48:05.064991999,157.89473684210526
1904-01-01 00:48:05.424992000,166.66666666666666
1904-01-01 00:48:06.684992000,176.47058823529412
1904-01-01 00:48:06.764992000,200.0
1904-01-01 00:48:06.824992000,200.0
1904-01-01 00:48:06.944992000,200.0
1904-01-01 00:48:07.204992000,200.0
1904-01-01 00:48:07.684992000,125.0
1904-01-01 00:48:07.784992000,200.0
1904-01-01 00:48:08.204992000,142.85714285714286
1904-01-01 00:48:08.244992000,200.0
1904-01-01 00:48:08.444992000,200.0
1904-01-01 00:48:08.804992000,166.66666666666666
1904-01-01 00:48:09.184992000,157.89473684210526
1904-01-01 00:48:09.264992000,200.0
1904-01-01 00:48:09.424992000,200.0
1904-01-01 00:48:09.824992000,200.0
1904-01-01 00:48:09.944992000,200.0
1904-01-01 00:48:10.304992000,166.66666666666666
1904-01-01 00:48:10.484992000,200.0
1904-01-01 00:48:10.684992000,200.0
1904-01-01 00:48:10.924992000,200.0
1904-01-01 00:48:11.104992000,200.0
1904-01-01 00:48:11.264992000,200.0
1904-01-01 00:48:11.324992000,200.0
1904-01-01 00:48:11.424992000,200.0
1904-01-01 00:48:11.904992000,125.0
1904-01-01 00:48:12.364992000,200.0
1904-01-01 00:48:12.864992000,200.0
1904-01-01 00:48:12.924992000,200.0
1904-01-01 00:48:13.184992000,200.0
1904-01-01 00:48:13.384992000,200.0
1904-01-01 00:48:13.424992000,200.0
1904-01-01 00:48:13.564992000,200.0
1904-01-01 00:48:13.664992000,200.0
1904-01-01 00:48:14.224992000,107.14285714285714
1904-01-01 00:48:14.404992000,200.0
1904-01-01 00:48:15.044992000,115.38461538461539
1904-01-01 00:48:15.144992000,200.0
1904-01-01 00:48:15.264992000,200.0
1904-01-01 00:48:15.564992000,200.0
1904-01-01 00:48:15.764992000,200.0
1904-01-01 00:48:15.884992000,200.0
1904-01-01 00:48:16.084992000,200.0
1904-01-01 00:48:16.464992000,157.89473684210526
1904-01-01 00:48:16.884992000,200.0
1904-01-01 00:48:17.064991999,200.0
1904-01-01 00:48:17.104992000,200.0
1904-01-01 00:48:17.204992000,200.0
1904-01-01 00:48:17.364992000,200.0
1904-01-01 00:48:17.524992000,200.0
1904-01-01 00:48:17.684992000,200.0
1904-01-01 00:48:17.824992000,200.0
1904-01-01 00:48:18.104992000,200.0
1904-01-01 00:48:18.544992000,136.36363636363637
1904-01-01 00:48:18.704992000,200.0
1904-01-01 00:48:18.844992000,200.0
1904-01-01 00:48:19.044992000,200.0
1904-01-01 00:48:19.164992000,200.0
1904-01-01 00:48:19.204992000,200.0
1904-01-01 00:48:19.584992000,157.89473684210526
1904-01-01 00:48:20.124992000,187.5
1904-01-01 00:48:20.164992000,200.0
1904-01-01 00:48:20.324992000,200.0
1904-01-01 00:48:20.604992000,200.0
1904-01-01 00:48:20.784992000,200.0
1904-01-01 00:48:20.884992000,200.0
1904-01-01 00:48:21.044992000,200.0
1904-01-01 00:48:21.104992000,200.0
1904-01-01 00:48:21.204992000,200.0
1904-01-01 00:48:21.564992000,200.0
1904-01-01 00:48:21.664992000,200.0
1904-01-01 00:48:21.784992000,200.0
1904-01-01 00:48:22.164992000,157.89473684210526
1904-01-01 00:48:22.524992000,166.66666666666666
1904-01-01 00:48:22.584992000,200.0
1904-01-01 00:48:23.124992000,111.11111111111111
1904-01-01 00:48:23.164992000,200.0
1904-01-01 00:48:23.264992000,200.0
1904-01-01 00:49:29.864992000,187.5
1904-01-01 00:49:30.484992000,96.7741935483871
1904-01-01 00:49:30.644992000,200.0
1904-01-01 00:49:32.004992000,150.0
1904-01-01 00:49:32.544992000,166.66666666666666
1904-01-01 00:49:32.944992000,150.0
1904-01-01 00:49:33.024992000,200.0
1904-01-01 00:49:34.064991999,200.0
1904-01-01 00:49:34.444992000,157.89473684210526
1904-01-01 00:49:34.764992000,200.0
1904-01-01 00:49:35.144992000,157.89473684210526
1904-01-01 00:49:35.204992000,200.0
1904-01-01 00:49:35.324992000,200.0
1904-01-01 00:49:36.344992000,200.0
1904-01-01 00:49:36.724992000,157.89473684210526
1904-01-01 00:49:37.244992000,166.66666666666666
1904-01-01 00:49:37.504992000,200.0
1904-01-01 00:49:37.724992000,200.0
1904-01-01 00:49:37.864992000,200.0
1904-01-01 00:49:38.264992000,187.5
1904-01-01 00:49:38.324992000,200.0
1904-01-01 00:49:38.424992000,200.0
1904-01-01 00:49:38.464992000,200.0
1904-01-01 00:49:38.524992000,200.0
1904-01-01 00:49:38.804992000,200.0
1904-01-01 00:49:38.904992000,200.0
1904-01-01 00:49:39.044992000,200.0
1904-01-01 00:49:39.124992000,200.0
1904-01-01 00:49:39.324992000,200.0
1904-01-01 00:49:39.484992000,200.0
1904-01-01 00:49:39.804992000,200.0
1904-01-01 00:49:39.864992000,200.0
1904-01-01 00:49:40.344992000,125.0
1904-01-01 00:49:40.384992000,200.0
1904-01-01 00:49:40.584992000,200.0
1904-01-01 00:49:40.824992000,200.0
1904-01-01 00:49:41.364992000,111.11111111111111
1904-01-01 00:49:42.124992000,111.11111111111111
1904-01-01 00:49:42.564992000,200.0
1904-01-01 00:49:42.904992000,176.47058823529412
1904-01-01 00:49:43.044992000,200.0
1904-01-01 00:49:43.204992000,200.0
1904-01-01 00:49:43.344992000,200.0
1904-01-01 00:49:43.444992000,200.0
1904-01-01 00:49:43.584992000,200.0
1904-01-01 00:49:43.664992000,200.0
1904-01-01 00:49:43.904992000,200.0
1904-01-01 00:49:44.244992000,176.47058823529412
1904-01-01 00:49:44.424992000,200.0
1904-01-01 00:49:45.784992000,200.0
1904-01-01 00:49:45.964992000,200.0
1904-01-01 00:50:29.604992000,111.11111111111111
1904-01-01 00:50:29.704992000,200.0
1904-01-01 00:50:29.884992000,200.0
1904-01-01 00:50:30.324992000,136.36363636363637
1904-01-01 00:50:30.744992000,200.0
1904-01-01 00:50:30.904992000,200.0
1904-01-01 00:50:31.104992000,200.0
1904-01-01 00:50:31.284992000,200.0
1904-01-01 00:50:31.764992000,125.0
1904-01-01 00:50:32.124992000,166.66666666666666
1904-01-01 00:50:32.664992000,200.0
1904-01-01 00:50:32.964992000,200.0
1904-01-01 00:50:33.144992000,200.0
1904-01-01 00:50:33.204992000,200.0
1904-01-01 00:50:33.344992000,200.0
1904-01-01 00:50:33.464992000,200.0
1904-01-01 00:50:33.744992000,200.0
1904-01-01 00:50:33.924992000,200.0
1904-01-01 00:50:34.204992000,200.0
1904-01-01 00:50:34.344992000,200.0
1904-01-01 00:50:34.644992000,200.0
1904-01-01 00:50:34.764992000,200.0
1904-01-01 00:50:35.184992000,200.0
1904-01-01 00:50:35.304992000,200.0
1904-01-01 00:50:35.384992000,200.0
1904-01-01 00:50:35.564992000,200.0
1904-01-01 00:50:35.944992000,157.89473684210526
1904-01-01 00:50:36.164992000,200.0
1904-01-01 00:50:36.364992000,200.0
1904-01-01 00:50:36.664992000,200.0
1904-01-01 00:50:37.164992000,187.5
1904-01-01 00:50:37.364992000,200.0
1904-01-01 00:50:37.724992000,200.0
1904-01-01 00:50:37.864992000,200.0
1904-01-01 00:50:38.184992000,187.5
1904-01-01 00:50:38.324992000,200.0
1904-01-01 00:50:38.544992000,200.0
1904-01-01 00:50:39.084992000,111.11111111111111
